time,EIG,KSE
1908-11-01,120.0,
1908-12-01,94.0,
1909-01-01,117.0,
1909-02-01,75.0,
1909-03-01,174.0,
1909-04-01,104.0,
1909-05-01,145.0,
1909-06-01,252.0,
1909-07-01,162.0,
1909-08-01,154.0,
1909-09-01,148.0,
1909-10-01,165.0,
1909-11-01,85.0,
1909-12-01,217.0,
1910-01-01,293.0,
1910-02-01,156.0,
1910-03-01,52.0,
1910-04-01,206.0,
1910-05-01,172.0,
1910-06-01,201.0,
1910-07-01,221.0,
1910-08-01,245.0,
1910-09-01,198.0,
1910-10-01,178.0,
1910-11-01,340.0,
1910-12-01,142.0,
1911-01-01,37.0,
1911-02-01,104.0,
1911-03-01,173.0,
1911-04-01,115.0,
1911-05-01,145.0,
1911-06-01,242.0,
1911-07-01,59.0,
1911-08-01,108.0,
1911-09-01,178.0,
1911-10-01,219.0,
1911-11-01,139.0,
1911-12-01,259.0,
1912-01-01,161.0,
1912-02-01,65.0,
1912-03-01,125.0,
1912-04-01,138.0,
1912-05-01,253.0,
1912-06-01,241.0,
1912-07-01,179.0,
1912-08-01,207.0,
1912-09-01,90.0,
1912-10-01,241.0,
1912-11-01,176.0,
1912-12-01,81.0,
1913-01-01,172.0,
1913-02-01,56.0,
1913-03-01,104.0,
1913-04-01,215.0,
1913-05-01,154.0,
1913-06-01,233.0,
1913-07-01,248.0,
1913-08-01,148.0,
1913-09-01,146.0,
1913-10-01,75.0,
1913-11-01,148.0,
1913-12-01,119.0,
1914-01-01,167.0,
1914-02-01,111.0,
1914-03-01,293.0,
1914-04-01,74.0,
1914-05-01,256.0,
1914-06-01,232.0,
1914-07-01,304.0,
1914-08-01,222.0,
1914-09-01,73.0,
1914-10-01,130.0,
1914-11-01,101.0,
1914-12-01,77.0,
1915-01-01,288.0,
1915-02-01,165.0,
1915-03-01,180.0,
1915-04-01,134.0,
1915-05-01,75.0,
1915-06-01,171.0,
1915-07-01,211.0,
1915-08-01,153.0,
1915-09-01,254.0,
1915-10-01,55.0,
1915-11-01,91.0,
1915-12-01,144.0,
1916-01-01,132.0,
1916-02-01,268.0,
1916-03-01,265.0,
1916-04-01,216.0,
1916-05-01,136.0,
1916-06-01,186.0,
1916-07-01,147.0,
1916-08-01,168.0,
1916-09-01,159.0,
1916-10-01,162.0,
1916-11-01,189.0,
1916-12-01,193.0,
1917-01-01,107.0,
1917-02-01,30.0,
1917-03-01,133.0,
1917-04-01,239.0,
1917-05-01,95.0,
1917-06-01,136.0,
1917-07-01,250.0,
1917-08-01,226.0,
1917-09-01,84.0,
1917-10-01,269.0,
1917-11-01,147.0,
1917-12-01,90.0,
1918-01-01,75.0,
1918-02-01,76.0,
1918-03-01,210.0,
1918-04-01,244.0,
1918-05-01,76.0,
1918-06-01,319.0,
1918-07-01,126.0,
1918-08-01,186.0,
1918-09-01,247.0,
1918-10-01,184.0,
1918-11-01,93.0,
1918-12-01,328.0,
1919-01-01,182.0,
1919-02-01,96.0,
1919-03-01,185.0,
1919-04-01,330.0,
1919-05-01,103.0,
1919-06-01,163.0,
1919-07-01,324.0,
1919-08-01,172.0,
1919-09-01,133.0,
1919-10-01,311.0,
1919-11-01,193.0,
1919-12-01,234.0,
1920-01-01,260.0,
1920-02-01,63.0,
1920-03-01,141.0,
1920-04-01,195.0,
1920-05-01,170.0,
1920-06-01,198.0,
1920-07-01,157.0,
1920-08-01,103.0,
1920-09-01,259.0,
1920-10-01,108.0,
1920-11-01,5.0,
1920-12-01,59.0,
1921-01-01,321.0,
1921-02-01,35.0,
1921-03-01,148.0,
1921-04-01,249.0,
1921-05-01,150.0,
1921-06-01,99.0,
1921-07-01,106.0,
1921-08-01,123.0,
1921-09-01,72.0,
1921-10-01,38.0,
1921-11-01,113.0,
1921-12-01,82.0,
1922-01-01,241.0,
1922-02-01,93.0,
1922-03-01,161.0,
1922-04-01,293.0,
1922-05-01,74.0,
1922-06-01,198.0,
1922-07-01,247.0,
1922-08-01,207.0,
1922-09-01,214.0,
1922-10-01,135.0,
1922-11-01,210.0,
1922-12-01,231.0,
1923-01-01,158.0,
1923-02-01,181.0,
1923-03-01,54.0,
1923-04-01,195.0,
1923-05-01,248.0,
1923-06-01,174.0,
1923-07-01,132.0,
1923-08-01,145.0,
1923-09-01,110.0,
1923-10-01,177.0,
1923-11-01,171.0,
1923-12-01,430.0,
1924-01-01,87.0,
1924-02-01,58.0,
1924-03-01,56.0,
1924-04-01,157.0,
1924-05-01,196.0,
1924-06-01,282.0,
1924-07-01,214.0,
1924-08-01,255.0,
1924-09-01,175.0,
1924-10-01,115.0,
1924-11-01,13.0,
1924-12-01,78.0,
1925-01-01,51.0,
1925-02-01,204.0,
1925-03-01,152.0,
1925-04-01,182.0,
1925-05-01,110.0,
1925-06-01,177.0,
1925-07-01,179.0,
1925-08-01,303.0,
1925-09-01,189.0,
1925-10-01,38.0,
1925-11-01,126.0,
1925-12-01,104.0,
1926-01-01,120.0,
1926-02-01,134.0,
1926-03-01,149.0,
1926-04-01,184.0,
1926-05-01,390.0,
1926-06-01,307.0,
1926-07-01,263.0,
1926-08-01,123.0,
1926-09-01,43.0,
1926-10-01,110.0,
1926-11-01,126.0,
1926-12-01,202.0,
1927-01-01,208.0,
1927-02-01,116.0,
1927-03-01,259.0,
1927-04-01,172.0,
1927-05-01,54.0,
1927-06-01,245.0,
1927-07-01,227.0,
1927-08-01,239.0,
1927-09-01,189.0,
1927-10-01,21.0,
1927-11-01,78.0,
1927-12-01,75.0,
1928-01-01,88.0,
1928-02-01,127.0,
1928-03-01,128.0,
1928-04-01,242.0,
1928-05-01,215.0,
1928-06-01,201.0,
1928-07-01,160.0,
1928-08-01,170.0,
1928-09-01,134.0,
1928-10-01,272.0,
1928-11-01,278.0,
1928-12-01,189.0,
1929-01-01,104.0,
1929-02-01,58.0,
1929-03-01,41.0,
1929-04-01,271.0,
1929-05-01,178.0,
1929-06-01,121.0,
1929-07-01,159.0,
1929-08-01,210.0,
1929-09-01,52.0,
1929-10-01,191.0,
1929-11-01,67.0,
1929-12-01,166.0,
1930-01-01,64.0,
1930-02-01,31.0,
1930-03-01,108.0,
1930-04-01,255.0,
1930-05-01,401.0,
1930-06-01,126.0,
1930-07-01,317.0,
1930-08-01,172.0,
1930-09-01,227.0,
1930-10-01,234.0,
1930-11-01,174.0,
1930-12-01,132.0,
1931-01-01,178.0,
1931-02-01,268.0,
1931-03-01,128.0,
1931-04-01,183.0,
1931-05-01,172.0,
1931-06-01,125.0,
1931-07-01,259.0,
1931-08-01,247.0,
1931-09-01,118.0,
1931-10-01,33.0,
1931-11-01,46.0,
1931-12-01,81.0,
1932-01-01,98.0,
1932-02-01,10.0,
1932-03-01,104.0,
1932-04-01,189.0,
1932-05-01,229.0,
1932-06-01,214.0,
1932-07-01,277.0,
1932-08-01,155.0,
1932-09-01,80.0,
1932-10-01,129.0,
1932-11-01,73.0,
1932-12-01,53.0,
1933-01-01,88.0,
1933-02-01,107.0,
1933-03-01,105.0,
1933-04-01,142.0,
1933-05-01,290.0,
1933-06-01,242.0,
1933-07-01,138.0,
1933-08-01,78.0,
1933-09-01,192.0,
1933-10-01,169.0,
1933-11-01,160.0,
1933-12-01,27.0,
1934-01-01,189.0,
1934-02-01,43.0,
1934-03-01,142.0,
1934-04-01,124.0,
1934-05-01,81.0,
1934-06-01,273.0,
1934-07-01,186.0,
1934-08-01,218.0,
1934-09-01,129.0,
1934-10-01,126.0,
1934-11-01,31.0,
1934-12-01,111.0,
1935-01-01,180.0,
1935-02-01,200.0,
1935-03-01,173.0,
1935-04-01,224.0,
1935-05-01,147.0,
1935-06-01,113.0,
1935-07-01,130.0,
1935-08-01,317.0,
1935-09-01,81.0,
1935-10-01,350.0,
1935-11-01,134.0,
1935-12-01,183.0,
1936-01-01,98.0,
1936-02-01,123.0,
1936-03-01,91.0,
1936-04-01,168.0,
1936-05-01,152.0,
1936-06-01,187.0,
1936-07-01,302.0,
1936-08-01,157.0,
1936-09-01,293.0,
1936-10-01,77.0,
1936-11-01,36.0,
1936-12-01,118.0,
1937-01-01,55.0,
1937-02-01,159.0,
1937-03-01,174.0,
1937-04-01,170.0,
1937-05-01,227.0,
1937-06-01,155.0,
1937-07-01,179.0,
1937-08-01,224.0,
1937-09-01,211.0,
1937-10-01,116.0,
1937-11-01,97.0,
1937-12-01,76.0,
1938-01-01,107.0,
1938-02-01,101.0,
1938-03-01,71.0,
1938-04-01,81.0,
1938-05-01,185.0,
1938-06-01,186.0,
1938-07-01,268.0,
1938-08-01,241.0,
1938-09-01,131.0,
1938-10-01,101.0,
1938-11-01,31.0,
1938-12-01,85.0,
1939-01-01,108.0,
1939-02-01,41.0,
1939-03-01,209.0,
1939-04-01,186.0,
1939-05-01,369.0,
1939-06-01,222.0,
1939-07-01,197.0,
1939-08-01,138.0,
1939-09-01,117.0,
1939-10-01,223.0,
1939-11-01,244.0,
1939-12-01,110.0,
1940-01-01,98.0,
1940-02-01,120.0,
1940-03-01,114.0,
1940-04-01,133.0,
1940-05-01,258.0,
1940-06-01,176.0,
1940-07-01,320.0,
1940-08-01,106.0,
1940-09-01,194.0,
1940-10-01,188.0,
1940-11-01,138.0,
1940-12-01,102.0,
1941-01-01,23.0,
1941-02-01,103.0,
1941-03-01,116.0,
1941-04-01,154.0,
1941-05-01,332.0,
1941-06-01,167.0,
1941-07-01,205.0,
1941-08-01,310.0,
1941-09-01,95.0,
1941-10-01,171.0,
1941-11-01,24.0,
1941-12-01,78.0,
1942-01-01,168.0,
1942-02-01,65.0,
1942-03-01,80.0,
1942-04-01,73.0,
1942-05-01,170.0,
1942-06-01,166.0,
1942-07-01,148.0,
1942-08-01,145.0,
1942-09-01,149.0,
1942-10-01,170.0,
1942-11-01,80.0,
1942-12-01,46.0,
1943-01-01,100.0,
1943-02-01,144.0,
1943-03-01,104.0,
1943-04-01,150.0,
1943-05-01,211.0,
1943-06-01,216.0,
1943-07-01,117.0,
1943-08-01,120.0,
1943-09-01,167.0,
1943-10-01,0.0,
1943-11-01,129.0,
1943-12-01,51.0,
1944-01-01,90.0,
1944-02-01,235.0,
1944-03-01,197.0,
1944-04-01,74.0,
1944-05-01,59.0,
1944-06-01,180.0,
1944-07-01,265.0,
1944-08-01,176.0,
1944-09-01,150.0,
1944-10-01,200.0,
1944-11-01,352.0,
1944-12-01,120.0,
1945-01-01,105.0,
1945-02-01,125.0,
1945-03-01,201.0,
1945-04-01,179.0,
1945-05-01,160.0,
1945-06-01,118.0,
1945-07-01,105.0,
1945-08-01,270.0,
1945-09-01,218.0,
1945-10-01,91.0,
1945-11-01,98.0,
1945-12-01,167.0,
1946-01-01,108.0,
1946-02-01,188.0,
1946-03-01,100.0,
1946-04-01,35.0,
1946-05-01,132.0,
1946-06-01,226.0,
1946-07-01,164.0,
1946-08-01,153.0,
1946-09-01,68.0,
1946-10-01,78.0,
1946-11-01,55.0,
1946-12-01,101.0,
1947-01-01,133.0,
1947-02-01,62.0,
1947-03-01,226.0,
1947-04-01,83.0,
1947-05-01,121.0,
1947-06-01,147.0,
1947-07-01,137.0,
1947-08-01,118.0,
1947-09-01,121.0,
1947-10-01,51.0,
1947-11-01,300.0,
1947-12-01,211.0,
1948-01-01,187.0,
1948-02-01,139.0,
1948-03-01,30.0,
1948-04-01,95.0,
1948-05-01,62.0,
1948-06-01,279.0,
1948-07-01,238.0,
1948-08-01,176.0,
1948-09-01,236.0,
1948-10-01,68.0,
1948-11-01,73.0,
1948-12-01,38.0,
1949-01-01,151.0,
1949-02-01,44.0,
1949-03-01,123.0,
1949-04-01,148.0,
1949-05-01,189.0,
1949-06-01,103.0,
1949-07-01,101.0,
1949-08-01,135.0,
1949-09-01,110.0,
1949-10-01,85.0,
1949-11-01,181.0,
1949-12-01,111.0,
1950-01-01,101.0,
1950-02-01,157.0,
1950-03-01,34.0,
1950-04-01,179.0,
1950-05-01,117.0,
1950-06-01,155.0,
1950-07-01,167.0,
1950-08-01,182.0,
1950-09-01,165.0,
1950-10-01,46.0,
1950-11-01,238.0,
1950-12-01,118.0,
1951-01-01,189.0,
1951-02-01,275.0,
1951-03-01,232.0,
1951-04-01,120.0,
1951-05-01,166.0,
1951-06-01,190.0,
1951-07-01,127.0,
1951-08-01,186.0,
1951-09-01,116.0,
1951-10-01,74.0,
1951-11-01,299.0,
1951-12-01,125.0,
1952-01-01,218.0,
1952-02-01,140.0,
1952-03-01,199.0,
1952-04-01,115.0,
1955-05-01,,150.0
1955-06-01,,207.0
1955-07-01,,212.0
1955-08-01,,173.0
1955-09-01,,125.0
1955-10-01,,70.0
1955-11-01,,20.0
1955-12-01,,75.0
1956-01-01,,76.0
1956-02-01,,18.0
1956-03-01,,118.0
1956-04-01,,205.0
1956-05-01,,169.0
1956-06-01,,170.0
1956-07-01,,246.0
1956-08-01,,211.0
1956-09-01,,118.0
1956-10-01,,118.0
1956-11-01,,34.0
1956-12-01,,15.0
1957-01-01,,51.0
1957-02-01,,119.0
1957-03-01,,53.0
1957-04-01,,89.0
1957-05-01,,188.0
1957-06-01,,233.0
1957-07-01,,212.0
1957-08-01,,143.0
1957-09-01,,133.0
1957-10-01,,36.0
1957-11-01,,52.0
1957-12-01,,74.0
1958-01-01,,83.0
1958-02-01,,202.0
1958-03-01,,88.0
1958-04-01,,179.0
1958-05-01,,111.0
1958-06-01,,139.0
1958-07-01,,172.0
1958-08-01,,191.0
1958-09-01,,145.0
1958-10-01,,225.0
1958-11-01,,101.0
1958-12-01,,78.0
1959-01-01,,116.0
1959-02-01,,17.0
1959-03-01,,108.0
1959-04-01,,115.0
1959-05-01,,92.0
1959-06-01,,197.0
1959-07-01,,136.0
1959-08-01,,121.0
1959-09-01,,47.0
1959-10-01,,110.0
1959-11-01,,75.0
1959-12-01,,116.0
1960-01-01,,60.0
1960-02-01,,92.0
1960-03-01,,136.0
1960-04-01,,107.0
1960-05-01,,117.0
1960-06-01,,170.0
1960-07-01,,240.0
1960-08-01,,275.0
1960-09-01,,267.0
1960-10-01,,153.0
1960-11-01,,137.0
1960-12-01,,58.0
1961-01-01,,44.4
1961-02-01,,154.2
1961-03-01,,45.6
1961-04-01,,144.0
1961-05-01,,148.9
1961-06-01,,145.4
1961-07-01,,146.9
1961-08-01,,169.8
1961-09-01,,17.7
1961-10-01,,75.4
1961-11-01,,65.4
1961-12-01,,143.0
1962-01-01,,135.0
1962-02-01,,84.9
1962-03-01,,102.2
1962-04-01,,89.9
1962-05-01,,173.4
1962-06-01,,120.2
1962-07-01,,128.1
1962-08-01,,113.3
1962-09-01,,92.0
1962-10-01,,37.6
1962-11-01,,62.8
1962-12-01,,217.2
1963-01-01,,56.5
1963-02-01,,51.4
1963-03-01,,200.0
1963-04-01,,90.6
1963-05-01,,200.4
1963-06-01,,252.2
1963-07-01,,194.7
1963-08-01,,186.3
1963-09-01,,98.0
1963-10-01,,83.6
1963-11-01,,147.4
1963-12-01,,17.1
1964-01-01,,15.8
1964-02-01,,38.1
1964-03-01,,117.6
1964-04-01,,133.9
1964-05-01,,177.1
1964-06-01,,155.3
1964-07-01,,111.5
1964-08-01,,170.9
1964-09-01,,92.2
1964-10-01,,107.3
1964-11-01,,110.4
1964-12-01,,132.0
1965-01-01,,81.6
1965-02-01,,78.8
1965-03-01,,162.5
1965-04-01,,238.6
1965-05-01,,201.6
1965-06-01,,171.1
1965-07-01,,252.6
1965-08-01,,267.6
1965-09-01,,238.9
1965-10-01,,19.9
1965-11-01,,172.5
1965-12-01,,185.9
1966-01-01,,62.6
1966-02-01,,141.2
1966-03-01,,170.3
1966-04-01,,125.9
1966-05-01,,109.6
1966-06-01,,124.2
1966-07-01,,180.9
1966-08-01,,209.8
1966-09-01,,45.2
1966-10-01,,151.5
1966-11-01,,105.2
1966-12-01,,176.8
1967-01-01,,50.7
1967-02-01,,55.2
1967-03-01,,159.0
1967-04-01,,131.7
1967-05-01,,229.6
1967-06-01,,127.4
1967-07-01,,110.7
1967-08-01,,163.3
1967-09-01,,121.0
1967-10-01,,52.8
1967-11-01,,43.6
1967-12-01,,51.8
1968-01-01,,239.2
1968-02-01,,89.7
1968-03-01,,185.4
1968-04-01,,86.3
1968-05-01,,139.8
1968-06-01,,127.4
1968-07-01,,163.8
1968-08-01,,244.6
1968-09-01,,168.3
1968-10-01,,40.7
1968-11-01,,121.7
1968-12-01,,91.4
1969-01-01,,34.3
1969-02-01,,53.1
1969-03-01,,43.2
1969-04-01,,90.2
1969-05-01,,158.5
1969-06-01,,230.7
1969-07-01,,167.4
1969-08-01,,265.4
1969-09-01,,59.8
1969-10-01,,13.5
1969-11-01,,96.7
1969-12-01,,81.2
1970-01-01,,53.2
1970-02-01,,172.3
1970-03-01,,133.8
1970-04-01,,200.6
1970-05-01,,131.1
1970-06-01,,150.8
1970-07-01,,138.0
1970-08-01,,275.1
1970-09-01,,73.3
1970-10-01,,128.7
1970-11-01,,80.6
1970-12-01,,33.1
1971-01-01,,21.1
1971-02-01,,92.7
1971-03-01,,88.0
1971-04-01,,38.7
1971-05-01,,151.0
1971-06-01,,251.6
1971-07-01,,102.9
1971-08-01,,216.5
1971-09-01,,70.4
1971-10-01,,40.8
1971-11-01,,146.5
1971-12-01,,32.4
1972-01-01,,31.3
1972-02-01,,59.5
1972-03-01,,58.1
1972-04-01,,159.7
1972-05-01,,162.2
1972-06-01,,228.1
1972-07-01,,198.9
1972-08-01,,196.9
1972-09-01,,82.1
1972-10-01,,88.8
1972-11-01,,149.7
1972-12-01,,11.6
1973-01-01,,74.4
1973-02-01,,86.1
1973-03-01,,36.2
1973-04-01,,121.9
1973-05-01,,104.7
1973-06-01,,222.2
1973-07-01,,285.4
1973-08-01,,154.8
1973-09-01,,124.9
1973-10-01,,97.8
1973-11-01,,79.3
1973-12-01,,79.2
1974-01-01,,48.1
1974-02-01,,83.0
1974-03-01,,63.8
1974-04-01,,99.1
1974-05-01,,137.5
1974-06-01,,237.6
1974-07-01,,139.1
1974-08-01,,108.6
1974-09-01,,141.1
1974-10-01,,170.1
1974-11-01,,143.8
1974-12-01,,107.7
1975-01-01,,127.1
1975-02-01,,34.7
1975-03-01,,213.8
1975-04-01,,175.4
1975-05-01,,92.1
1975-06-01,,167.7
1975-07-01,,162.8
1975-08-01,,211.1
1975-09-01,,116.9
1975-10-01,,95.6
1975-11-01,,164.7
1975-12-01,,11.3
1976-01-01,,62.1
1976-02-01,,45.4
1976-03-01,,39.1
1976-04-01,,101.5
1976-05-01,,94.6
1976-06-01,,129.4
1976-07-01,,246.5
1976-08-01,,129.4
1976-09-01,,102.1
1976-10-01,,195.5
1976-11-01,,106.4
1976-12-01,,110.8
1977-01-01,,95.2
1977-02-01,,132.6
1977-03-01,,123.5
1977-04-01,,255.5
1977-05-01,,178.8
1977-06-01,,186.5
1977-07-01,,211.3
1977-08-01,,239.3
1977-09-01,,69.8
1977-10-01,,244.6
1977-11-01,,114.7
1977-12-01,,78.6
1978-01-01,,114.7
1978-02-01,,117.7
1978-03-01,,139.7
1978-04-01,,116.3
1978-05-01,,151.1
1978-06-01,,232.0
1978-07-01,,156.0
1978-08-01,,248.9
1978-09-01,,90.8
1978-10-01,,62.8
1978-11-01,,24.2
1978-12-01,,38.0
1979-01-01,,113.2
1979-02-01,,69.5
1979-03-01,,176.6
1979-04-01,,132.4
1979-05-01,,135.5
1979-06-01,,190.7
1979-07-01,,90.6
1979-08-01,,237.7
1979-09-01,,111.9
1979-10-01,,241.8
1979-11-01,,168.4
1979-12-01,,161.6
1980-01-01,,82.9
1980-02-01,,92.6
1980-03-01,,168.1
1980-04-01,,152.0
1980-05-01,,127.7
1980-06-01,,214.7
1980-07-01,,213.2
1980-08-01,,125.0
1980-09-01,,85.1
1980-10-01,,210.6
1980-11-01,,77.3
1980-12-01,,114.1
1981-01-01,,191.2
1981-02-01,,64.4
1981-03-01,,263.3
1981-04-01,,51.9
1981-05-01,,190.0
1981-06-01,,184.5
1981-07-01,,247.6
1981-08-01,,138.6
1981-09-01,,220.9
1981-10-01,,217.8
1981-11-01,,93.8
1981-12-01,,176.3
1982-01-01,,123.3
1982-02-01,,28.2
1982-03-01,,185.9
1982-04-01,,63.0
1982-05-01,,112.1
1982-06-01,,187.7
1982-07-01,,273.8
1982-08-01,,222.0
1982-09-01,,102.8
1982-10-01,,152.2
1982-11-01,,66.8
1982-12-01,,97.5
1983-01-01,,159.6
1983-02-01,,104.4
1983-03-01,,70.5
1983-04-01,,154.1
1983-05-01,,257.7
1983-06-01,,129.4
1983-07-01,,24.8
1983-08-01,,190.7
1983-09-01,,100.0
1983-10-01,,72.4
1983-11-01,,118.6
1983-12-01,,89.4
1984-01-01,,155.6
1984-02-01,,103.7
1984-03-01,,70.2
1984-04-01,,64.9
1984-05-01,,176.2
1984-06-01,,139.1
1984-07-01,,138.7
1984-08-01,,182.7
1984-09-01,,232.4
1984-10-01,,91.4
1984-11-01,,57.2
1984-12-01,,97.3
1985-01-01,,97.9
1985-02-01,,104.5
1985-03-01,,100.0
1985-04-01,,113.3
1985-05-01,,236.0
1985-06-01,,228.5
1985-07-01,,136.5
1985-08-01,,158.3
1985-09-01,,70.7
1985-10-01,,14.4
1985-11-01,,101.1
1985-12-01,,44.5
1986-01-01,,276.5
1986-02-01,,32.2
1986-03-01,,103.6
1986-04-01,,220.6
1986-05-01,,137.9
1986-06-01,,167.2
1986-07-01,,264.6
1986-08-01,,220.7
1986-09-01,,71.5
1986-10-01,,84.2
1986-11-01,,69.4
1986-12-01,,142.0
1987-01-01,,107.5
1987-02-01,,156.3
1987-03-01,,113.9
1987-04-01,,151.1
1987-05-01,,192.7
1987-06-01,,209.8
1987-07-01,,217.3
1987-08-01,,175.4
1987-09-01,,76.8
1987-10-01,,108.8
1987-11-01,,98.4
1987-12-01,,52.5
1988-01-01,,117.9
1988-02-01,,141.7
1988-03-01,,300.6
1988-04-01,,84.1
1988-05-01,,112.2
1988-06-01,,165.4
1988-07-01,,136.0
1988-08-01,,133.4
1988-09-01,,64.2
1988-10-01,,215.6
1988-11-01,,55.7
1988-12-01,,167.7
1989-01-01,,8.4
1989-02-01,,82.8
1989-03-01,,89.3
1989-04-01,,244.1
1989-05-01,,84.1
1989-06-01,,109.7
1989-07-01,,249.3
1989-08-01,,203.1
1989-09-01,,121.3
1989-10-01,,88.5
1989-11-01,,56.3
1989-12-01,,54.0
1990-01-01,,20.6
1990-02-01,,247.3
1990-03-01,,91.4
1990-04-01,,145.4
1990-05-01,,136.3
1990-06-01,,232.1
1990-07-01,,82.4
1990-08-01,,135.3
1990-09-01,,81.6
1990-10-01,,135.4
1990-11-01,,142.6
1990-12-01,,90.8
1991-01-01,,63.3
1991-02-01,,62.6
1991-03-01,,98.4
1991-04-01,,161.4
1991-05-01,,178.0
1991-06-01,,186.2
1991-07-01,,184.0
1991-08-01,,45.8
1991-09-01,,125.5
1991-10-01,,94.8
1991-11-01,,80.3
1991-12-01,,209.2
1992-01-01,,23.8
1992-02-01,,159.0
1992-03-01,,238.5
1992-04-01,,102.8
1992-05-01,,63.0
1992-06-01,,275.9
1992-07-01,,182.5
1992-08-01,,130.8
1992-09-01,,131.9
1992-10-01,,163.1
1992-11-01,,161.3
1992-12-01,,109.5
1993-01-01,,57.6
1993-02-01,,55.0
1993-03-01,,59.7
1993-04-01,,145.5
1993-05-01,,145.2
1993-06-01,,185.5
1993-07-01,,207.0
1993-08-01,,140.1
1993-09-01,,245.5
1993-10-01,,177.9
1993-11-01,,58.4
1993-12-01,,179.6
1994-01-01,,207.2
1994-02-01,,45.9
1994-03-01,,52.6
1994-04-01,,177.2
1994-05-01,,240.0
1994-06-01,,152.4
1994-07-01,,146.0
1994-08-01,,176.6
1994-09-01,,164.9
1994-10-01,,53.6
1994-11-01,,65.6
1994-12-01,,111.4
1995-01-01,,256.6
1995-02-01,,229.4
1995-03-01,,320.8
1995-04-01,,148.0
1995-05-01,,227.1
1995-06-01,,136.0
1995-07-01,,140.3
1995-08-01,,302.7
1995-09-01,,156.6
1995-10-01,,4.0
1995-11-01,,98.5
1995-12-01,,94.2
1996-01-01,,13.6
1996-02-01,,107.0
1996-03-01,,58.7
1996-04-01,,93.0
1996-05-01,,207.0
1996-06-01,,120.2
1996-07-01,,199.2
1996-08-01,,234.0
1996-09-01,,101.9
1996-10-01,,162.3
1996-11-01,,220.5
1996-12-01,,67.9
1997-01-01,,55.5
1997-02-01,,89.4
1997-03-01,,94.9
1997-04-01,,125.3
1997-05-01,,94.0
1997-06-01,,215.1
1997-07-01,,310.6
1997-08-01,,115.1
1997-09-01,,65.3
1997-10-01,,79.9
1997-11-01,,78.4
1997-12-01,,141.1
1998-01-01,,83.3
1998-02-01,,36.0
1998-03-01,,64.0
1998-04-01,,181.6
1998-05-01,,97.3
1998-06-01,,205.7
1998-07-01,,139.5
1998-08-01,,104.6
1998-09-01,,164.1
1998-10-01,,174.3
1998-11-01,,126.0
1998-12-01,,68.5
1999-01-01,,154.9
1999-02-01,,323.0
1999-03-01,,87.3
1999-04-01,,181.1
1999-05-01,,243.8
1999-06-01,,219.1
1999-07-01,,82.7
1999-08-01,,149.3
1999-09-01,,144.3
1999-10-01,,45.6
1999-11-01,,113.5
1999-12-01,,171.6
2000-01-01,,67.2
2000-02-01,,173.1
2000-03-01,,117.4
2000-04-01,,105.9
2000-05-01,,71.8
2000-06-01,,105.0
2000-07-01,,208.7
2000-08-01,,153.3
2000-09-01,,144.5
2000-10-01,,303.2
2000-11-01,,130.8
2000-12-01,,30.2
2001-01-01,,107.9
2001-02-01,,51.9
2001-03-01,,159.0
2001-04-01,,271.9
2001-05-01,,86.9
2001-06-01,,260.0
2001-07-01,,182.4
2001-08-01,,155.6
2001-09-01,,192.4
2001-10-01,,53.4
2001-11-01,,103.5
2001-12-01,,47.0
2002-01-01,,17.9
2002-02-01,,108.8
2002-03-01,,104.5
2002-04-01,,78.2
2002-05-01,,304.7
2002-06-01,,228.6
2002-07-01,,238.4
2002-08-01,,245.1
2002-09-01,,209.0
2002-10-01,,80.2
2002-11-01,,310.6
2002-12-01,,116.8
2003-01-01,,129.1
2003-02-01,,88.6
2003-03-01,,33.3
2003-04-01,,84.2
2003-05-01,,150.4
2003-06-01,,127.1
2003-07-01,,155.0
2003-08-01,,84.6
2003-09-01,,66.2
2003-10-01,,167.4
2003-11-01,,53.8
2003-12-01,,116.7
2004-01-01,,171.2
2004-02-01,,55.6
2004-03-01,,98.9
2004-04-01,,123.6
2004-05-01,,150.2
2004-06-01,,198.6
2004-07-01,,117.8
2004-08-01,,215.2
2004-09-01,,93.7
2004-10-01,,102.3
2004-11-01,,124.2
2004-12-01,,91.1
2005-01-01,,225.8
2005-02-01,,177.0
2005-03-01,,62.5
2005-04-01,,114.7
2005-05-01,,163.3
2005-06-01,,136.5
2005-07-01,,122.0
2005-08-01,,294.9
2005-09-01,,67.5
2005-10-01,,78.3
2005-11-01,,33.1
2005-12-01,,122.0
2006-01-01,,41.6
2006-02-01,,35.0
2006-03-01,,175.4
2006-04-01,,136.8
2006-05-01,,223.2
2006-06-01,,94.3
2006-07-01,,119.9
2006-08-01,,220.8
2006-09-01,,112.9
2006-10-01,,60.4
2006-11-01,,55.3
2006-12-01,,57.8
2007-01-01,,109.0
2007-02-01,,71.4
2007-03-01,,116.0
2007-04-01,,43.4
2007-05-01,,303.5
2007-06-01,,246.4
2007-07-01,,262.0
2007-08-01,,252.4
2007-09-01,,78.9
2007-10-01,,67.2
2007-11-01,,112.8
2007-12-01,,108.9
2008-01-01,,91.1
2008-02-01,,42.8
2008-03-01,,189.9
2008-04-01,,199.4
2008-05-01,,165.5
2008-06-01,,170.2
2008-07-01,,199.8
2008-08-01,,176.6
2008-09-01,,158.4
2008-10-01,,96.2
2008-11-01,,145.6
2008-12-01,,120.2
2009-01-01,,53.2
2009-02-01,,206.8
2009-03-01,,286.2
2009-04-01,,100.1
2009-05-01,,95.6
2009-06-01,,185.0
2009-07-01,,213.9
2009-08-01,,132.2
2009-09-01,,58.6
2009-10-01,,78.5
2009-11-01,,168.5
2009-12-01,,122.7
2010-01-01,,77.9
2010-02-01,,44.6
2010-03-01,,76.4
2010-04-01,,45.1
2010-05-01,,222.0
2010-06-01,,131.0
2010-07-01,,198.6
2010-08-01,,271.2
2010-09-01,,127.6
2010-10-01,,88.2
2010-11-01,,145.2
2010-12-01,,83.2
2011-01-01,,59.9
2011-02-01,,59.2
2011-03-01,,54.2
2011-04-01,,52.0
2011-05-01,,171.2
2011-06-01,,201.6
2011-07-01,,207.1
2011-08-01,,119.8
2011-09-01,,100.5
2011-10-01,,200.5
2011-11-01,,11.0
2011-12-01,,284.4
2012-01-01,,389.8
2012-02-01,,29.2
2012-03-01,,52.3
2012-04-01,,119.9
2012-05-01,,121.7
2012-06-01,,171.3
2012-07-01,,183.1
2012-08-01,,173.4
2012-09-01,,101.8
2012-10-01,,157.1
2012-11-01,,93.9
2012-12-01,,264.9
2013-01-01,,92.7
2013-02-01,,154.8
2013-03-01,,61.3
2013-04-01,,118.7
2013-05-01,,282.8
2013-06-01,,155.7
2013-07-01,,166.6
2013-08-01,,155.7
2013-09-01,,189.8
2013-10-01,,96.2
2013-11-01,,165.4
2013-12-01,,69.0
2014-01-01,,96.0
2014-02-01,,183.4
2014-03-01,,89.7
2014-04-01,,135.1
2014-05-01,,189.4
2014-06-01,,144.1
2014-07-01,,390.7
2014-08-01,,206.4
2014-09-01,,96.9
2014-10-01,,90.9
2014-11-01,,169.8
2014-12-01,,74.4
2015-01-01,,173.9
2015-02-01,,97.2
2015-03-01,,164.5
2015-04-01,,109.2
2015-05-01,,216.8
2015-06-01,,134.7
2015-07-01,,84.2
2015-08-01,,179.6
2015-09-01,,143.8
2015-10-01,,76.5
2015-11-01,,70.6
2015-12-01,,12.0
2016-01-01,,124.4
2016-02-01,,150.9
2016-03-01,,86.8
2016-04-01,,128.3
2016-05-01,,258.9
2016-06-01,,241.7
2016-07-01,,174.7
2016-08-01,,152.9
2016-09-01,,130.6
2016-10-01,,82.7
2016-11-01,,85.5
2016-12-01,,0.1
2017-01-01,,96.7
2017-02-01,,91.9
2017-03-01,,150.4
2017-04-01,,112.7
2017-05-01,,152.2
2017-06-01,,157.6
2017-07-01,,159.9
2017-08-01,,220.8
2017-09-01,,133.3
2017-10-01,,81.6
2017-11-01,,161.9
2017-12-01,,121.6
2018-01-01,,266.4
2018-02-01,,56.2
2018-03-01,,168.2
2018-04-01,,57.2
2018-05-01,,132.0
2018-06-01,,133.4
2018-07-01,,153.5
