t_stars,1593,1600,1620,1640,1679,1686,1700,1706,1720,1768,1773,1776,1777,1778,1786,1792,1802,1803,1804,1805,1806,1807,1808,1809,1810,1811,1812,1813,1814,1815,1816,1817,1818,1819,1820,1821,1822,1823,1824,1825,1826,1827,1828,1829,1830,1831,1832,1833,1834,1835,1836,1837,1838,1839,1840,1841,1842,1843,1844,1845,1846,1847,1848,1849,1850,1851,1852,1853,1854,1855,1856,1857,1858,1859,1860,1861,1862,1863,1864,1865,1866,1867,1868,1869,1870,1871,1872,1873,1874,1875,1876,1877,1878,1879,1880,1881,1882,1883,1884,1885,1886,1887,1888,1889,1890,1891,1892,1893,1894,1895,1896,1897,1898,1899,1900,1901,1902,1903,1904,1905,1906,1907,1908,1909,1910,1911,1912,1913,1914,1915,1916,1917,1918,1919,1920,1921,1922,1923,1924,1925,1926,1927,1928,1929,1930,1931,1932,1933,1934,1935,1936,1937,1938,1939,1940,1941,1942,1943,1944,1945,1946,1947,1948,1949,1950,1951,1952,1953,1954,1955,1956,1957,1958,1959,1960,1961,1962,1963,1964,1965,1966,1967,1968,1969,1970,1971,1972,1973,1974,1975,1976,1977,1978,1979,1980,1981,1982,1983,1984,1985,1986,1987,1988,1989,1990,1991,1992,1993,1994,1995,1996,1997,1998,1999,2000,2001,2002,2003,2004,2005,2006,2007,2008,2009,2010,2011,2012,2013,2014
1817,,,,,,,,,,,,,,,,,6136.0,6240.0,6240.0,6240.0,6240.0,6344.0,6344.0,6344.0,6344.0,6448.0,6448.0,6448.0,6448.0,6344.0,6448.0,6240.0,6240.0,6344.0,6136.0,6240.0,6240.0,6136.0,6136.0,6136.0,6240.0,6344.0,6344.0,6240.0,6344.0,6344.0,6448.0,6344.0,6344.0,6344.0,6448.0,6448.0,6344.0,6448.0,6448.0,6448.0,6448.0,6448.0,6344.0,6344.0,6344.0,6344.0,6240.0,6240.0,6240.0,6240.0,6344.0,6240.0,6240.0,6344.0,6344.0,6344.0,6344.0,6448.0,6448.0,6344.0,6344.0,6344.0,6344.0,6240.0,6240.0,6240.0,6136.0,6240.0,6136.0,6032.0,5928.0,6032.0,5824.0,5512.0,5408.0,5304.0,5200.0,5096.0,5096.0,5096.0,4992.0,4992.0,5096.0,4992.0,4992.0,5096.0,5096.0,5096.0,5096.0,5096.0,5200.0,5200.0,5304.0,5408.0,5512.0,5512.0,5512.0,5720.0,5720.0,5720.0,5928.0,6032.0,6032.0,6032.0,6032.0,6240.0,6136.0,6136.0,6240.0,6344.0,6240.0,6344.0,6240.0,6240.0,6240.0,6344.0,6344.0,6448.0,6448.0,6552.0,6552.0,6552.0,6656.0,6552.0,6552.0,6656.0,6552.0,6656.0,6656.0,6552.0,6656.0,6656.0,6552.0,6656.0,6656.0,6656.0,6552.0,6552.0,6552.0,6552.0,6448.0,6448.0,6448.0,6448.0,6344.0,6344.0,6344.0,6344.0,6240.0,6344.0,6240.0,6136.0,6240.0,6136.0,6136.0,6136.0,5928.0,5928.0,5512.0,5200.0,5096.0,5096.0,5096.0,5096.0,4992.0,4992.0,4992.0,4992.0,4992.0,4992.0,5096.0,5096.0,4992.0,5200.0,5200.0,5096.0,5200.0,5304.0,5304.0,5512.0,5512.0,5616.0,5824.0,5928.0,6032.0,6032.0,6136.0,6136.0,6240.0,6240.0,6240.0,6240.0,6344.0,6344.0,6240.0,6240.0,6136.0,6136.0,6136.0,6032.0,6032.0,5928.0,5928.0,5824.0,5408.0,5200.0,5096.0,4992.0,4888.0,4992.0,4784.0,4680.0,4472.0
1822,,,,,,,,,,,,,,,,,6136.0,6240.0,6240.0,6136.0,6136.0,6344.0,6344.0,6448.0,6448.0,6448.0,6448.0,6448.0,6448.0,6344.0,6344.0,6240.0,6344.0,6344.0,6136.0,6240.0,6136.0,6136.0,6136.0,6136.0,6240.0,6136.0,6344.0,6344.0,6240.0,6344.0,6448.0,6344.0,6344.0,6344.0,6448.0,6448.0,6344.0,6344.0,6344.0,6344.0,6448.0,6448.0,6344.0,6344.0,6448.0,6344.0,6240.0,6240.0,6240.0,6240.0,6344.0,6240.0,6240.0,6344.0,6344.0,6344.0,6344.0,6448.0,6448.0,6344.0,6344.0,6344.0,6344.0,6240.0,6240.0,6240.0,6136.0,6240.0,6032.0,6136.0,6032.0,5928.0,5824.0,5512.0,5408.0,5200.0,5096.0,5200.0,5200.0,5096.0,4992.0,4992.0,4992.0,4992.0,4992.0,5096.0,4992.0,4992.0,4992.0,5200.0,5200.0,5200.0,5304.0,5408.0,5512.0,5512.0,5512.0,5720.0,5720.0,5720.0,5928.0,6032.0,6032.0,6032.0,6032.0,6136.0,6240.0,6240.0,6240.0,6240.0,6344.0,6240.0,6344.0,6344.0,6344.0,6240.0,6448.0,6448.0,6448.0,6552.0,6552.0,6552.0,6656.0,6552.0,6552.0,6552.0,6656.0,6552.0,6552.0,6656.0,6552.0,6656.0,6552.0,6656.0,6656.0,6656.0,6552.0,6552.0,6448.0,6448.0,6552.0,6448.0,6448.0,6344.0,6448.0,6448.0,6448.0,6344.0,6240.0,6344.0,6240.0,6240.0,6136.0,6240.0,6032.0,6032.0,6032.0,5928.0,5512.0,5304.0,5200.0,5096.0,4992.0,4992.0,5096.0,5096.0,5096.0,5096.0,5096.0,5096.0,4992.0,4992.0,5096.0,5096.0,5200.0,5096.0,5200.0,5304.0,5304.0,5512.0,5512.0,5720.0,5720.0,5928.0,6032.0,6032.0,6032.0,6240.0,6136.0,6240.0,6344.0,6240.0,6344.0,6344.0,6240.0,6240.0,6136.0,6136.0,6136.0,6032.0,6032.0,6032.0,5928.0,5824.0,5512.0,5304.0,4992.0,5096.0,4992.0,4888.0,4888.0,4576.0,4576.0
1827,,,,,,,,,,,,,,,,,6136.0,6344.0,6240.0,6240.0,6136.0,6240.0,6240.0,6344.0,6448.0,6448.0,6448.0,6448.0,6344.0,6344.0,6344.0,6240.0,6344.0,6240.0,6136.0,6240.0,6136.0,6032.0,5928.0,5824.0,5720.0,5928.0,5928.0,5928.0,6032.0,5928.0,6136.0,6136.0,6136.0,6136.0,6032.0,6032.0,6136.0,6136.0,6032.0,6136.0,6032.0,6032.0,5928.0,5928.0,6032.0,5928.0,5928.0,5824.0,5928.0,5824.0,5720.0,5824.0,5824.0,5928.0,5824.0,5928.0,5824.0,5824.0,5824.0,5928.0,5824.0,5928.0,5720.0,5720.0,5824.0,5824.0,5720.0,5512.0,5408.0,5304.0,5200.0,4992.0,5096.0,4992.0,4888.0,4992.0,4888.0,4784.0,4888.0,4784.0,4680.0,4784.0,4784.0,4680.0,4576.0,4576.0,4576.0,4784.0,4784.0,4784.0,4888.0,4992.0,4992.0,4888.0,4992.0,5096.0,4992.0,5096.0,5200.0,5200.0,5200.0,5200.0,5200.0,5408.0,5304.0,5408.0,5408.0,5408.0,5512.0,5512.0,5512.0,5616.0,5616.0,5512.0,5512.0,5616.0,5616.0,5720.0,5824.0,5928.0,6032.0,6032.0,6136.0,6240.0,6240.0,6344.0,6344.0,6344.0,6344.0,6448.0,6344.0,6448.0,6344.0,6448.0,6448.0,6448.0,6344.0,6448.0,6344.0,6344.0,6344.0,6344.0,6344.0,6240.0,6240.0,6240.0,6240.0,6032.0,6032.0,6136.0,5928.0,6032.0,5928.0,5720.0,5408.0,5200.0,4992.0,5096.0,4992.0,4888.0,4888.0,4784.0,4888.0,4680.0,4784.0,4680.0,4680.0,4784.0,4576.0,4680.0,4680.0,4680.0,4784.0,4784.0,4784.0,4784.0,4888.0,4992.0,4992.0,4992.0,4992.0,5096.0,5096.0,5304.0,5304.0,5408.0,5512.0,5512.0,5512.0,5616.0,5512.0,5720.0,5616.0,5512.0,5616.0,5512.0,5512.0,5408.0,5304.0,5096.0,5096.0,4992.0,4992.0,4888.0,4784.0,4888.0,4784.0,4680.0,4264.0,4056.0,3848.0,3744.0,3744.0
1832,,,,,,,,,,,,,,,,,6136.0,6344.0,6136.0,6136.0,6136.0,6240.0,6240.0,6344.0,6344.0,6344.0,6344.0,6448.0,6448.0,6344.0,6344.0,6344.0,6344.0,6240.0,6240.0,6240.0,6136.0,6136.0,6032.0,6136.0,6136.0,6240.0,6240.0,6136.0,6344.0,6240.0,6344.0,6240.0,6240.0,6344.0,6240.0,6344.0,6344.0,6344.0,6344.0,6448.0,6344.0,6344.0,6344.0,6344.0,6240.0,6240.0,6240.0,6240.0,6344.0,6240.0,6240.0,6240.0,6240.0,6344.0,6240.0,6344.0,6240.0,6344.0,6240.0,6240.0,6240.0,6240.0,6344.0,6240.0,6240.0,6240.0,6136.0,6136.0,6032.0,5928.0,6032.0,5928.0,5616.0,5304.0,5200.0,5200.0,5096.0,5096.0,5096.0,4992.0,4992.0,4992.0,4888.0,4888.0,4992.0,4888.0,4992.0,5096.0,5096.0,4992.0,5096.0,5096.0,5304.0,5304.0,5408.0,5408.0,5408.0,5408.0,5616.0,5720.0,5720.0,5824.0,5824.0,6032.0,6032.0,6032.0,6136.0,6136.0,6136.0,6240.0,6136.0,6240.0,6240.0,6240.0,6136.0,6240.0,6240.0,6240.0,6344.0,6448.0,6552.0,6448.0,6656.0,6552.0,6552.0,6656.0,6656.0,6552.0,6656.0,6656.0,6656.0,6656.0,6656.0,6656.0,6552.0,6656.0,6552.0,6552.0,6552.0,6448.0,6552.0,6448.0,6448.0,6344.0,6344.0,6448.0,6344.0,6240.0,6344.0,6240.0,6240.0,6240.0,6136.0,6136.0,6032.0,5928.0,5928.0,5720.0,5200.0,5200.0,4992.0,4992.0,5096.0,4992.0,4992.0,4888.0,4888.0,4888.0,4888.0,4888.0,4992.0,5096.0,4992.0,4992.0,4992.0,4992.0,5096.0,5200.0,5200.0,5304.0,5304.0,5512.0,5616.0,5824.0,5824.0,5928.0,6032.0,6032.0,6136.0,6240.0,6136.0,6136.0,6240.0,6240.0,6136.0,6136.0,6136.0,6136.0,6136.0,5928.0,6032.0,5928.0,5616.0,5512.0,5304.0,5096.0,4992.0,4888.0,4992.0,4784.0,4888.0,4368.0,4576.0
1837,,,,,,,,,,,,,,,,,6136.0,6344.0,6136.0,6240.0,6240.0,6344.0,6344.0,6344.0,6448.0,6344.0,6448.0,6448.0,6448.0,6344.0,6344.0,6344.0,6240.0,6240.0,6240.0,6240.0,6136.0,6136.0,6032.0,6136.0,6136.0,6240.0,6240.0,6344.0,6344.0,6344.0,6448.0,6344.0,6344.0,6344.0,6448.0,6448.0,6344.0,6448.0,6448.0,6448.0,6448.0,6448.0,6448.0,6448.0,6344.0,6344.0,6344.0,6344.0,6448.0,6448.0,6448.0,6448.0,6344.0,6448.0,6344.0,6448.0,6344.0,6448.0,6344.0,6344.0,6344.0,6344.0,6344.0,6344.0,6240.0,6240.0,6240.0,6136.0,6240.0,6136.0,6032.0,6136.0,6032.0,5928.0,5928.0,5408.0,5408.0,5304.0,5200.0,5200.0,5096.0,5096.0,5096.0,5096.0,5096.0,5096.0,5200.0,5200.0,5096.0,5304.0,5408.0,5408.0,5408.0,5616.0,5616.0,5720.0,5720.0,5928.0,5928.0,6032.0,6032.0,6032.0,6136.0,6240.0,6344.0,6344.0,6344.0,6448.0,6448.0,6448.0,6344.0,6448.0,6448.0,6448.0,6344.0,6344.0,6344.0,6552.0,6448.0,6552.0,6656.0,6552.0,6656.0,6656.0,6656.0,6760.0,6656.0,6760.0,6760.0,6656.0,6656.0,6656.0,6656.0,6552.0,6552.0,6552.0,6656.0,6656.0,6552.0,6552.0,6448.0,6448.0,6552.0,6552.0,6448.0,6344.0,6448.0,6448.0,6344.0,6240.0,6240.0,6240.0,6240.0,6136.0,6240.0,6136.0,6136.0,6032.0,5928.0,5720.0,5408.0,5200.0,5096.0,5200.0,5200.0,5096.0,5096.0,5200.0,5096.0,5200.0,5200.0,5096.0,5096.0,5304.0,5200.0,5200.0,5304.0,5512.0,5616.0,5616.0,5720.0,5824.0,6032.0,6032.0,6136.0,6240.0,6240.0,6344.0,6344.0,6344.0,6344.0,6344.0,6344.0,6448.0,6344.0,6344.0,6240.0,6344.0,6240.0,6136.0,6136.0,6032.0,6136.0,6032.0,5928.0,5616.0,5304.0,5200.0,5096.0,4992.0,4888.0,4784.0,4784.0
1842,,,,,,,,,,,,,,,,,6136.0,6344.0,6136.0,6136.0,6240.0,6240.0,6344.0,6448.0,6344.0,6448.0,6344.0,6344.0,6448.0,6448.0,6344.0,6344.0,6344.0,6240.0,6240.0,6240.0,6136.0,6136.0,5928.0,6032.0,6032.0,6136.0,6136.0,6240.0,6240.0,6240.0,6344.0,6344.0,6240.0,6344.0,6240.0,6344.0,6344.0,6448.0,6344.0,6448.0,6344.0,6344.0,6344.0,6240.0,6344.0,6240.0,6240.0,6344.0,6240.0,6240.0,6240.0,6240.0,6344.0,6240.0,6344.0,6240.0,6344.0,6344.0,6240.0,6344.0,6240.0,6344.0,6240.0,6344.0,6240.0,6136.0,6136.0,6032.0,6136.0,5928.0,6032.0,5928.0,5720.0,5408.0,5200.0,5200.0,5096.0,5096.0,5096.0,4992.0,4992.0,4992.0,4992.0,4992.0,4888.0,4888.0,4992.0,5096.0,4992.0,5096.0,5200.0,5096.0,5304.0,5200.0,5304.0,5304.0,5512.0,5512.0,5616.0,5616.0,5720.0,5824.0,6032.0,6032.0,6136.0,6136.0,6136.0,6240.0,6240.0,6240.0,6136.0,6240.0,6240.0,6240.0,6240.0,6344.0,6344.0,6344.0,6448.0,6448.0,6552.0,6448.0,6656.0,6656.0,6552.0,6656.0,6656.0,6656.0,6552.0,6552.0,6552.0,6552.0,6552.0,6552.0,6656.0,6552.0,6448.0,6448.0,6448.0,6552.0,6448.0,6448.0,6448.0,6448.0,6448.0,6448.0,6344.0,6344.0,6240.0,6240.0,6136.0,6136.0,6136.0,6032.0,6136.0,5928.0,5928.0,5928.0,5304.0,5096.0,5096.0,5096.0,4992.0,5096.0,5096.0,4992.0,4992.0,4992.0,4992.0,4992.0,4992.0,5096.0,5096.0,5096.0,5096.0,5096.0,5200.0,5096.0,5304.0,5304.0,5408.0,5616.0,5616.0,5824.0,5928.0,5928.0,6032.0,6032.0,6136.0,6136.0,6136.0,6136.0,6136.0,6240.0,6136.0,6240.0,6136.0,6032.0,6136.0,6136.0,5928.0,5928.0,5928.0,5408.0,5408.0,5096.0,4992.0,4992.0,4888.0,4888.0,4784.0,4576.0,4472.0
1847,,,,,,,,,,,,,,,,,6136.0,6344.0,6136.0,6240.0,6136.0,6136.0,6344.0,6344.0,6344.0,6344.0,6448.0,6448.0,6448.0,6344.0,6344.0,6344.0,6240.0,6240.0,6344.0,6240.0,6136.0,6240.0,6344.0,6240.0,6448.0,6344.0,6344.0,6448.0,6552.0,6552.0,6448.0,6552.0,6552.0,6448.0,6552.0,6448.0,6552.0,6448.0,6552.0,6448.0,6448.0,6552.0,6552.0,6448.0,6448.0,6448.0,6448.0,6448.0,6552.0,6448.0,6552.0,6448.0,6448.0,6448.0,6448.0,6448.0,6448.0,6448.0,6448.0,6552.0,6448.0,6552.0,6448.0,6448.0,6344.0,6344.0,6344.0,6344.0,6344.0,6240.0,6136.0,6136.0,6032.0,6136.0,6136.0,6032.0,5928.0,5928.0,5824.0,5512.0,5616.0,5408.0,5512.0,5408.0,5304.0,5408.0,5408.0,5408.0,5616.0,5616.0,5824.0,5824.0,6032.0,5928.0,6032.0,6032.0,6136.0,6240.0,6240.0,6344.0,6448.0,6448.0,6448.0,6448.0,6552.0,6448.0,6552.0,6552.0,6448.0,6552.0,6552.0,6552.0,6448.0,6552.0,6552.0,6448.0,6552.0,6656.0,6656.0,6656.0,6760.0,6656.0,6656.0,6656.0,6656.0,6760.0,6760.0,6760.0,6760.0,6656.0,6760.0,6656.0,6760.0,6656.0,6656.0,6656.0,6656.0,6656.0,6656.0,6552.0,6552.0,6656.0,6656.0,6552.0,6552.0,6448.0,6448.0,6448.0,6344.0,6344.0,6344.0,6344.0,6344.0,6240.0,6136.0,6136.0,6136.0,6136.0,6032.0,6032.0,6032.0,5824.0,5616.0,5512.0,5408.0,5408.0,5512.0,5408.0,5512.0,5408.0,5408.0,5512.0,5512.0,5512.0,5720.0,5720.0,5824.0,5824.0,5928.0,6032.0,6240.0,6240.0,6344.0,6448.0,6448.0,6448.0,6448.0,6552.0,6552.0,6552.0,6552.0,6552.0,6448.0,6448.0,6448.0,6448.0,6344.0,6344.0,6240.0,6344.0,6240.0,6240.0,6136.0,6240.0,6032.0,5928.0,6032.0,5824.0,5408.0,5200.0,4992.0,4888.0,4992.0
1852,,,,,,,,,,,,,,,,,6136.0,6344.0,6136.0,6136.0,6240.0,6344.0,6240.0,6448.0,6448.0,6448.0,6448.0,6344.0,6448.0,6448.0,6344.0,6344.0,6344.0,6240.0,6240.0,6136.0,6240.0,6240.0,6136.0,6344.0,6344.0,6344.0,6448.0,6344.0,6448.0,6448.0,6552.0,6448.0,6448.0,6552.0,6448.0,6552.0,6448.0,6552.0,6448.0,6552.0,6552.0,6552.0,6552.0,6552.0,6448.0,6344.0,6344.0,6448.0,6344.0,6344.0,6344.0,6448.0,6448.0,6552.0,6552.0,6552.0,6552.0,6552.0,6448.0,6552.0,6448.0,6448.0,6448.0,6448.0,6344.0,6240.0,6240.0,6240.0,6240.0,6240.0,6136.0,6032.0,6032.0,6032.0,6032.0,5928.0,5720.0,5512.0,5512.0,5408.0,5408.0,5200.0,5304.0,5200.0,5200.0,5200.0,5304.0,5200.0,5408.0,5512.0,5616.0,5616.0,5720.0,5928.0,5928.0,6032.0,6032.0,6032.0,6136.0,6136.0,6240.0,6344.0,6344.0,6344.0,6344.0,6448.0,6448.0,6552.0,6552.0,6552.0,6552.0,6552.0,6552.0,6448.0,6448.0,6448.0,6552.0,6552.0,6552.0,6656.0,6552.0,6656.0,6656.0,6656.0,6656.0,6760.0,6656.0,6760.0,6760.0,6656.0,6760.0,6760.0,6656.0,6760.0,6656.0,6552.0,6656.0,6656.0,6656.0,6552.0,6552.0,6656.0,6448.0,6552.0,6448.0,6552.0,6448.0,6344.0,6448.0,6344.0,6240.0,6240.0,6240.0,6240.0,6240.0,6136.0,6032.0,6032.0,5928.0,5928.0,5720.0,5512.0,5408.0,5200.0,5200.0,5200.0,5304.0,5304.0,5304.0,5304.0,5200.0,5304.0,5304.0,5408.0,5512.0,5512.0,5512.0,5616.0,5824.0,5824.0,5928.0,6032.0,6240.0,6240.0,6344.0,6448.0,6344.0,6448.0,6448.0,6552.0,6448.0,6552.0,6448.0,6552.0,6448.0,6448.0,6344.0,6344.0,6240.0,6240.0,6136.0,6240.0,6136.0,6032.0,5928.0,6032.0,5616.0,5408.0,5200.0,5096.0,4992.0,4888.0,4784.0
1857,,,,,,,,,,,,,,,,,6136.0,6344.0,6136.0,6240.0,6136.0,6240.0,6344.0,6344.0,6448.0,6448.0,6448.0,6448.0,6448.0,6448.0,6344.0,6344.0,6344.0,6344.0,6344.0,6240.0,6240.0,6344.0,6448.0,6552.0,6448.0,6552.0,6552.0,6552.0,6656.0,6552.0,6656.0,6552.0,6552.0,6552.0,6552.0,6552.0,6656.0,6552.0,6552.0,6552.0,6552.0,6552.0,6552.0,6656.0,6656.0,6552.0,6552.0,6656.0,6656.0,6656.0,6552.0,6656.0,6656.0,6656.0,6656.0,6656.0,6656.0,6656.0,6552.0,6552.0,6552.0,6552.0,6656.0,6552.0,6448.0,6448.0,6448.0,6448.0,6344.0,6240.0,6344.0,6344.0,6344.0,6136.0,6136.0,6136.0,6240.0,6136.0,6136.0,6032.0,6032.0,5928.0,6032.0,5928.0,5824.0,5824.0,5928.0,6032.0,6032.0,6032.0,6240.0,6240.0,6240.0,6344.0,6344.0,6448.0,6448.0,6552.0,6448.0,6552.0,6656.0,6552.0,6552.0,6552.0,6552.0,6656.0,6656.0,6760.0,6760.0,6760.0,6656.0,6656.0,6656.0,6552.0,6552.0,6552.0,6656.0,6656.0,6760.0,6760.0,6760.0,6760.0,6864.0,6760.0,6864.0,6864.0,6864.0,6760.0,6864.0,6864.0,6864.0,6864.0,6864.0,6864.0,6760.0,6864.0,6760.0,6760.0,6656.0,6656.0,6760.0,6760.0,6760.0,6656.0,6656.0,6656.0,6552.0,6552.0,6552.0,6552.0,6552.0,6448.0,6448.0,6344.0,6240.0,6344.0,6240.0,6136.0,6240.0,6136.0,6136.0,6136.0,6032.0,6032.0,6032.0,5928.0,6032.0,6032.0,6032.0,5928.0,6032.0,6032.0,6032.0,6032.0,6136.0,6136.0,6136.0,6240.0,6344.0,6448.0,6448.0,6552.0,6552.0,6552.0,6552.0,6656.0,6656.0,6656.0,6656.0,6656.0,6656.0,6656.0,6656.0,6656.0,6552.0,6656.0,6448.0,6448.0,6344.0,6448.0,6344.0,6240.0,6344.0,6240.0,6136.0,6240.0,6032.0,6136.0,6032.0,5928.0,5824.0,5200.0,5096.0
1862,,,,,,,,,,,,,,,,,6136.0,6344.0,6240.0,6136.0,6136.0,6136.0,6344.0,6448.0,6344.0,6552.0,6448.0,6448.0,6448.0,6448.0,6448.0,6448.0,6344.0,6344.0,6448.0,6448.0,6344.0,6448.0,6552.0,6656.0,6656.0,6552.0,6760.0,6760.0,6656.0,6656.0,6760.0,6656.0,6760.0,6760.0,6760.0,6760.0,6656.0,6760.0,6760.0,6760.0,6760.0,6656.0,6760.0,6760.0,6656.0,6656.0,6656.0,6760.0,6656.0,6760.0,6760.0,6760.0,6760.0,6760.0,6760.0,6864.0,6864.0,6864.0,6760.0,6760.0,6760.0,6656.0,6760.0,6760.0,6760.0,6656.0,6552.0,6448.0,6448.0,6448.0,6344.0,6344.0,6344.0,6344.0,6344.0,6448.0,6448.0,6344.0,6344.0,6240.0,6240.0,6240.0,6344.0,6344.0,6240.0,6240.0,6344.0,6448.0,6344.0,6448.0,6552.0,6552.0,6552.0,6656.0,6656.0,6656.0,6760.0,6656.0,6656.0,6656.0,6656.0,6656.0,6760.0,6760.0,6864.0,6760.0,6760.0,6864.0,6864.0,6760.0,6864.0,6864.0,6760.0,6760.0,6760.0,6760.0,6864.0,6864.0,6760.0,6864.0,6864.0,6864.0,6968.0,6864.0,6968.0,6864.0,6968.0,6864.0,6864.0,6968.0,6864.0,6864.0,6968.0,6864.0,6864.0,6968.0,6864.0,6968.0,6864.0,6760.0,6864.0,6864.0,6864.0,6760.0,6864.0,6760.0,6760.0,6760.0,6656.0,6656.0,6656.0,6656.0,6448.0,6448.0,6448.0,6448.0,6448.0,6344.0,6344.0,6344.0,6344.0,6240.0,6344.0,6240.0,6240.0,6240.0,6240.0,6344.0,6240.0,6448.0,6344.0,6448.0,6448.0,6448.0,6448.0,6552.0,6448.0,6552.0,6656.0,6656.0,6656.0,6760.0,6760.0,6760.0,6864.0,6864.0,6864.0,6760.0,6864.0,6760.0,6864.0,6760.0,6760.0,6656.0,6760.0,6656.0,6656.0,6552.0,6656.0,6448.0,6448.0,6448.0,6448.0,6344.0,6240.0,6240.0,6240.0,6240.0,6136.0,6240.0,6136.0,5928.0,6032.0
1867,,,,,,,,,,,,,,,,,6136.0,6344.0,6240.0,6240.0,6136.0,6240.0,6240.0,6344.0,6448.0,6448.0,6448.0,6552.0,6552.0,6552.0,6552.0,6448.0,6448.0,6344.0,6448.0,6448.0,6344.0,6448.0,6448.0,6656.0,6656.0,6552.0,6552.0,6760.0,6656.0,6656.0,6760.0,6656.0,6656.0,6656.0,6760.0,6656.0,6760.0,6656.0,6760.0,6656.0,6760.0,6656.0,6760.0,6760.0,6656.0,6656.0,6656.0,6656.0,6656.0,6760.0,6760.0,6760.0,6656.0,6760.0,6760.0,6656.0,6760.0,6760.0,6760.0,6656.0,6760.0,6656.0,6760.0,6656.0,6656.0,6552.0,6448.0,6552.0,6448.0,6448.0,6448.0,6448.0,6344.0,6344.0,6344.0,6344.0,6240.0,6240.0,6344.0,6240.0,6240.0,6240.0,6240.0,6240.0,6240.0,6240.0,6136.0,6240.0,6240.0,6344.0,6344.0,6552.0,6552.0,6656.0,6656.0,6552.0,6656.0,6552.0,6552.0,6760.0,6760.0,6760.0,6656.0,6760.0,6656.0,6760.0,6760.0,6760.0,6760.0,6760.0,6760.0,6760.0,6656.0,6656.0,6656.0,6760.0,6656.0,6760.0,6760.0,6760.0,6864.0,6864.0,6968.0,6864.0,6864.0,6864.0,6864.0,6968.0,6864.0,6864.0,6864.0,6864.0,6864.0,6864.0,6968.0,6864.0,6864.0,6864.0,6864.0,6760.0,6760.0,6864.0,6760.0,6760.0,6760.0,6656.0,6656.0,6760.0,6656.0,6552.0,6656.0,6552.0,6552.0,6344.0,6344.0,6344.0,6240.0,6344.0,6240.0,6240.0,6240.0,6240.0,6240.0,6344.0,6240.0,6240.0,6240.0,6240.0,6240.0,6344.0,6344.0,6240.0,6240.0,6448.0,6448.0,6344.0,6448.0,6552.0,6552.0,6552.0,6552.0,6656.0,6656.0,6656.0,6760.0,6760.0,6760.0,6864.0,6760.0,6864.0,6760.0,6760.0,6656.0,6760.0,6656.0,6760.0,6656.0,6552.0,6448.0,6448.0,6448.0,6344.0,6344.0,6344.0,6344.0,6240.0,6240.0,6136.0,6240.0,6032.0,6032.0,6032.0,5720.0
1872,,,,,,,,,,,,,,,,,6136.0,6344.0,6136.0,6136.0,6136.0,6136.0,6240.0,6448.0,6448.0,6552.0,6448.0,6448.0,6448.0,6448.0,6344.0,6344.0,6344.0,6344.0,6344.0,6240.0,6344.0,6344.0,6552.0,6552.0,6656.0,6656.0,6552.0,6656.0,6656.0,6760.0,6760.0,6760.0,6656.0,6760.0,6656.0,6760.0,6760.0,6760.0,6760.0,6760.0,6656.0,6656.0,6656.0,6656.0,6656.0,6552.0,6656.0,6552.0,6552.0,6552.0,6656.0,6760.0,6656.0,6656.0,6760.0,6656.0,6760.0,6656.0,6656.0,6656.0,6656.0,6656.0,6656.0,6552.0,6656.0,6656.0,6552.0,6552.0,6344.0,6344.0,6448.0,6344.0,6240.0,6344.0,6344.0,6344.0,6240.0,6240.0,6240.0,6240.0,6240.0,6240.0,6136.0,6136.0,6136.0,6136.0,6240.0,6136.0,6344.0,6240.0,6344.0,6344.0,6552.0,6448.0,6552.0,6656.0,6656.0,6552.0,6656.0,6552.0,6656.0,6760.0,6656.0,6760.0,6760.0,6760.0,6656.0,6656.0,6760.0,6760.0,6760.0,6656.0,6656.0,6656.0,6760.0,6760.0,6760.0,6656.0,6864.0,6760.0,6760.0,6864.0,6864.0,6864.0,6864.0,6968.0,6864.0,6864.0,6864.0,6864.0,6968.0,6864.0,6968.0,6864.0,6864.0,6864.0,6864.0,6864.0,6864.0,6760.0,6864.0,6760.0,6760.0,6760.0,6760.0,6760.0,6656.0,6552.0,6552.0,6656.0,6552.0,6552.0,6448.0,6448.0,6344.0,6240.0,6240.0,6344.0,6240.0,6240.0,6136.0,6136.0,6240.0,6136.0,6136.0,6136.0,6136.0,6240.0,6136.0,6240.0,6240.0,6136.0,6344.0,6344.0,6344.0,6448.0,6344.0,6552.0,6448.0,6448.0,6552.0,6552.0,6656.0,6760.0,6760.0,6760.0,6760.0,6864.0,6864.0,6760.0,6656.0,6760.0,6656.0,6656.0,6760.0,6552.0,6656.0,6448.0,6552.0,6448.0,6344.0,6448.0,6344.0,6344.0,6240.0,6240.0,6136.0,6240.0,6136.0,6032.0,5928.0,5824.0,5408.0
1877,,,,,,,,,,,,,,,,,6136.0,6240.0,6240.0,6240.0,6240.0,6136.0,6240.0,6344.0,6344.0,6344.0,6344.0,6448.0,6344.0,6344.0,6344.0,6344.0,6240.0,6240.0,6136.0,6240.0,6240.0,6032.0,6136.0,6240.0,6240.0,6344.0,6240.0,6240.0,6344.0,6448.0,6344.0,6448.0,6448.0,6448.0,6344.0,6344.0,6448.0,6344.0,6448.0,6344.0,6344.0,6344.0,6344.0,6344.0,6448.0,6344.0,6448.0,6344.0,6448.0,6448.0,6448.0,6448.0,6344.0,6448.0,6344.0,6448.0,6344.0,6448.0,6344.0,6344.0,6344.0,6344.0,6344.0,6344.0,6240.0,6240.0,6240.0,6136.0,6240.0,6240.0,6136.0,6136.0,6032.0,6032.0,5824.0,5616.0,5512.0,5408.0,5200.0,5200.0,5200.0,5096.0,5096.0,5096.0,5096.0,5096.0,5096.0,5096.0,5200.0,5304.0,5408.0,5512.0,5512.0,5616.0,5720.0,5720.0,5928.0,5928.0,5928.0,6032.0,6032.0,6240.0,6136.0,6240.0,6344.0,6344.0,6344.0,6448.0,6448.0,6448.0,6448.0,6344.0,6344.0,6448.0,6344.0,6344.0,6344.0,6552.0,6448.0,6552.0,6656.0,6552.0,6656.0,6656.0,6656.0,6760.0,6656.0,6760.0,6760.0,6656.0,6656.0,6656.0,6656.0,6552.0,6552.0,6552.0,6656.0,6552.0,6552.0,6552.0,6552.0,6552.0,6448.0,6448.0,6448.0,6448.0,6448.0,6448.0,6344.0,6344.0,6344.0,6240.0,6240.0,6136.0,6240.0,6032.0,6032.0,6032.0,5928.0,5720.0,5408.0,5304.0,5200.0,5096.0,5096.0,5200.0,5200.0,5096.0,5200.0,5096.0,5096.0,5200.0,5200.0,5200.0,5200.0,5304.0,5304.0,5512.0,5512.0,5720.0,5824.0,5928.0,5928.0,6032.0,6136.0,6344.0,6240.0,6344.0,6344.0,6344.0,6344.0,6344.0,6344.0,6448.0,6448.0,6344.0,6240.0,6344.0,6240.0,6240.0,6240.0,6136.0,6032.0,6032.0,5824.0,5824.0,5304.0,5096.0,4992.0,4888.0,4992.0,4888.0,4576.0
1882,,,,,,,,,,,,,,,,,6136.0,6240.0,6240.0,6240.0,6136.0,6136.0,6240.0,6240.0,6344.0,6448.0,6344.0,6448.0,6344.0,6344.0,6240.0,6240.0,6240.0,6136.0,6240.0,6136.0,6032.0,6032.0,5824.0,5824.0,5928.0,5928.0,6032.0,6032.0,6032.0,6136.0,6136.0,6136.0,6240.0,6240.0,6240.0,6240.0,6136.0,6136.0,6344.0,6240.0,6136.0,6240.0,6136.0,6240.0,6240.0,6136.0,6032.0,6136.0,6032.0,6032.0,6032.0,6136.0,6032.0,6032.0,6136.0,6136.0,6136.0,6136.0,6136.0,6136.0,6136.0,6136.0,6136.0,6136.0,6136.0,5928.0,5928.0,6032.0,5824.0,5928.0,5616.0,5512.0,5200.0,5096.0,5096.0,4992.0,5096.0,4888.0,4992.0,4888.0,4992.0,4888.0,4784.0,4784.0,4784.0,4784.0,4784.0,4992.0,4888.0,4888.0,4992.0,4992.0,5096.0,5096.0,5096.0,5096.0,5304.0,5200.0,5304.0,5304.0,5408.0,5616.0,5512.0,5616.0,5824.0,5824.0,5928.0,5824.0,6032.0,6032.0,5928.0,6032.0,6032.0,5928.0,6032.0,6032.0,6136.0,6136.0,6136.0,6344.0,6344.0,6344.0,6448.0,6552.0,6448.0,6448.0,6552.0,6448.0,6448.0,6552.0,6448.0,6448.0,6552.0,6448.0,6448.0,6448.0,6552.0,6448.0,6448.0,6344.0,6448.0,6448.0,6344.0,6344.0,6344.0,6344.0,6240.0,6240.0,6240.0,6240.0,6136.0,6032.0,6136.0,5928.0,5928.0,5824.0,5408.0,5304.0,4992.0,5096.0,4992.0,4888.0,4888.0,4888.0,4888.0,4888.0,4784.0,4888.0,4784.0,4888.0,4992.0,4888.0,4992.0,4992.0,4992.0,4992.0,4992.0,4992.0,5096.0,5200.0,5304.0,5200.0,5408.0,5408.0,5616.0,5720.0,5720.0,5928.0,5928.0,5928.0,6032.0,5928.0,6032.0,6032.0,5928.0,5928.0,5928.0,5824.0,5928.0,5824.0,5512.0,5512.0,5304.0,5200.0,4992.0,5096.0,4992.0,4888.0,4784.0,4888.0,4576.0,4264.0,3848.0
1887,,,,,,,,,,,,,,,,,6136.0,6240.0,6240.0,6136.0,6240.0,6136.0,6344.0,6344.0,6344.0,6448.0,6344.0,6448.0,6344.0,6344.0,6344.0,6136.0,6240.0,6240.0,6136.0,6136.0,6136.0,5928.0,5824.0,5616.0,5720.0,5720.0,5824.0,5928.0,5928.0,6032.0,6032.0,6032.0,5928.0,5928.0,5928.0,6032.0,6032.0,6136.0,6032.0,6136.0,6032.0,5928.0,5928.0,5928.0,6032.0,5928.0,5824.0,5824.0,5928.0,5824.0,5720.0,5824.0,5824.0,5928.0,5824.0,5928.0,5824.0,5824.0,5824.0,5928.0,5824.0,5928.0,5824.0,5720.0,5824.0,5824.0,5616.0,5616.0,5512.0,5408.0,5096.0,5096.0,4992.0,4888.0,4992.0,4888.0,4888.0,4784.0,4888.0,4784.0,4784.0,4680.0,4784.0,4680.0,4576.0,4576.0,4680.0,4680.0,4784.0,4888.0,4784.0,4888.0,4888.0,4992.0,5096.0,5096.0,4992.0,5096.0,5200.0,5200.0,5200.0,5200.0,5200.0,5304.0,5304.0,5408.0,5512.0,5512.0,5512.0,5616.0,5512.0,5512.0,5616.0,5616.0,5616.0,5512.0,5720.0,5720.0,5824.0,6032.0,6032.0,6136.0,6136.0,6344.0,6344.0,6344.0,6448.0,6448.0,6448.0,6344.0,6448.0,6448.0,6344.0,6448.0,6448.0,6448.0,6448.0,6448.0,6344.0,6344.0,6344.0,6344.0,6344.0,6240.0,6240.0,6136.0,6136.0,6136.0,6032.0,6136.0,6032.0,5928.0,5928.0,5824.0,5512.0,5200.0,5096.0,5096.0,4888.0,4992.0,4784.0,4888.0,4784.0,4784.0,4680.0,4784.0,4784.0,4680.0,4784.0,4680.0,4680.0,4680.0,4784.0,4784.0,4784.0,4784.0,4888.0,4992.0,4992.0,4992.0,4992.0,5200.0,5096.0,5304.0,5304.0,5408.0,5512.0,5512.0,5512.0,5616.0,5616.0,5616.0,5616.0,5616.0,5512.0,5512.0,5512.0,5512.0,5200.0,5200.0,4992.0,5096.0,4992.0,4888.0,4784.0,4888.0,4680.0,4784.0,4264.0,4056.0,3952.0,3744.0,3744.0
1892,,,,,,,,,,,,,,,,,6136.0,6344.0,6136.0,6240.0,6136.0,6240.0,6240.0,6344.0,6344.0,6448.0,6448.0,6344.0,6344.0,6240.0,6344.0,6240.0,6240.0,6136.0,6136.0,6136.0,5928.0,5928.0,5616.0,5616.0,5720.0,5720.0,5720.0,5720.0,5824.0,5928.0,5928.0,6032.0,6032.0,6032.0,5928.0,6032.0,5928.0,6032.0,6032.0,6032.0,5928.0,6032.0,5928.0,5928.0,5928.0,5824.0,5824.0,5824.0,5720.0,5616.0,5616.0,5616.0,5720.0,5824.0,5720.0,5720.0,5720.0,5720.0,5720.0,5720.0,5824.0,5824.0,5720.0,5720.0,5720.0,5512.0,5512.0,5512.0,5200.0,5200.0,5096.0,4992.0,4992.0,4888.0,4992.0,4784.0,4888.0,4784.0,4784.0,4680.0,4784.0,4680.0,4576.0,4576.0,4472.0,4576.0,4472.0,4784.0,4784.0,4784.0,4784.0,4888.0,4992.0,4992.0,4992.0,4992.0,4992.0,4992.0,4992.0,5096.0,5200.0,5096.0,5200.0,5304.0,5304.0,5304.0,5408.0,5408.0,5408.0,5512.0,5512.0,5512.0,5408.0,5408.0,5512.0,5512.0,5408.0,5512.0,5720.0,5824.0,5928.0,6032.0,6136.0,6136.0,6240.0,6136.0,6344.0,6344.0,6344.0,6240.0,6448.0,6344.0,6344.0,6344.0,6448.0,6344.0,6344.0,6344.0,6344.0,6344.0,6344.0,6344.0,6240.0,6240.0,6136.0,6136.0,6032.0,6032.0,6032.0,5928.0,6032.0,5824.0,5928.0,5512.0,5304.0,5200.0,5096.0,4992.0,4888.0,4992.0,4784.0,4888.0,4680.0,4784.0,4680.0,4576.0,4472.0,4576.0,4576.0,4576.0,4576.0,4680.0,4680.0,4784.0,4784.0,4888.0,4888.0,4888.0,4992.0,4992.0,4992.0,5096.0,5096.0,5200.0,5304.0,5304.0,5304.0,5408.0,5512.0,5512.0,5512.0,5512.0,5512.0,5512.0,5512.0,5408.0,5408.0,5304.0,5096.0,5096.0,4992.0,4888.0,4992.0,4784.0,4888.0,4680.0,4784.0,4368.0,4056.0,3952.0,3952.0,3848.0,3640.0
1897,,,,,,,,,,,,,,,,,6136.0,6344.0,6136.0,6136.0,6136.0,6136.0,6344.0,6240.0,6344.0,6344.0,6344.0,6448.0,6344.0,6344.0,6240.0,6240.0,6136.0,6136.0,6136.0,6032.0,5928.0,5512.0,5408.0,5304.0,5408.0,5408.0,5616.0,5616.0,5720.0,5616.0,5616.0,5720.0,5824.0,5720.0,5824.0,5720.0,5824.0,5720.0,5720.0,5720.0,5720.0,5720.0,5720.0,5720.0,5616.0,5512.0,5408.0,5408.0,5304.0,5408.0,5304.0,5408.0,5408.0,5304.0,5408.0,5512.0,5408.0,5512.0,5512.0,5408.0,5408.0,5408.0,5304.0,5408.0,5304.0,5200.0,5200.0,4992.0,5096.0,4992.0,4888.0,4992.0,4888.0,4784.0,4784.0,4784.0,4680.0,4576.0,4472.0,4472.0,4472.0,4368.0,4472.0,4368.0,4472.0,4472.0,4472.0,4576.0,4472.0,4576.0,4784.0,4784.0,4784.0,4888.0,4784.0,4888.0,4992.0,4992.0,4888.0,5096.0,5096.0,5096.0,5096.0,5096.0,5096.0,5200.0,5096.0,5096.0,5200.0,5200.0,5200.0,5200.0,5200.0,5200.0,5200.0,5304.0,5200.0,5304.0,5408.0,5512.0,5616.0,5720.0,5824.0,5928.0,5928.0,6032.0,5928.0,6032.0,6032.0,6032.0,6032.0,6032.0,6032.0,6136.0,6136.0,6032.0,6032.0,6032.0,6032.0,6032.0,5928.0,5928.0,5824.0,5928.0,5824.0,5824.0,5824.0,5616.0,5720.0,5616.0,5408.0,5304.0,5200.0,4992.0,5096.0,4888.0,4992.0,4888.0,4784.0,4888.0,4784.0,4680.0,4472.0,4472.0,4472.0,4472.0,4472.0,4472.0,4472.0,4472.0,4576.0,4576.0,4576.0,4472.0,4576.0,4680.0,4680.0,4784.0,4888.0,4784.0,4888.0,4888.0,4992.0,4992.0,5096.0,5096.0,5200.0,5200.0,5304.0,5200.0,5304.0,5304.0,5200.0,5304.0,5200.0,5096.0,5200.0,4992.0,5096.0,4888.0,4992.0,4784.0,4888.0,4784.0,4680.0,4472.0,4056.0,3952.0,3952.0,3848.0,3744.0,3744.0,3536.0
1902,,,,,,,,,,,,,,,,,6136.0,6240.0,6240.0,6240.0,6136.0,6240.0,6240.0,6240.0,6344.0,6344.0,6344.0,6344.0,6344.0,6344.0,6240.0,6136.0,6136.0,6136.0,6032.0,6032.0,6032.0,5096.0,5200.0,5304.0,5200.0,5304.0,5408.0,5408.0,5408.0,5408.0,5304.0,5408.0,5512.0,5408.0,5408.0,5408.0,5304.0,5304.0,5408.0,5304.0,5304.0,5304.0,5304.0,5200.0,5200.0,5200.0,5200.0,5096.0,5096.0,5096.0,5200.0,5200.0,5096.0,5200.0,5096.0,5200.0,5096.0,5096.0,5096.0,5200.0,5096.0,5096.0,5096.0,4992.0,4992.0,4888.0,4992.0,4888.0,4888.0,4784.0,4888.0,4784.0,4680.0,4472.0,4472.0,4264.0,4368.0,4264.0,4368.0,4264.0,4368.0,4264.0,4368.0,4264.0,4368.0,4472.0,4368.0,4472.0,4472.0,4472.0,4472.0,4576.0,4784.0,4680.0,4784.0,4784.0,4888.0,4888.0,4888.0,4992.0,4992.0,4888.0,4992.0,4992.0,4992.0,4992.0,4992.0,5096.0,5096.0,5096.0,4992.0,5096.0,5096.0,4992.0,5096.0,5096.0,5096.0,5096.0,5096.0,5304.0,5408.0,5408.0,5512.0,5512.0,5616.0,5616.0,5616.0,5824.0,5824.0,5720.0,5824.0,5720.0,5824.0,5720.0,5824.0,5720.0,5720.0,5720.0,5616.0,5616.0,5512.0,5408.0,5304.0,5304.0,5304.0,5096.0,5200.0,5096.0,5096.0,4992.0,4888.0,4992.0,4888.0,4888.0,4784.0,4888.0,4680.0,4784.0,4472.0,4264.0,4368.0,4264.0,4368.0,4264.0,4368.0,4264.0,4368.0,4472.0,4368.0,4472.0,4368.0,4472.0,4472.0,4472.0,4576.0,4576.0,4576.0,4576.0,4680.0,4784.0,4888.0,4784.0,4888.0,4992.0,4888.0,5096.0,5096.0,4992.0,5096.0,4992.0,5096.0,5096.0,5096.0,4992.0,4992.0,4992.0,4888.0,4992.0,4784.0,4888.0,4784.0,4784.0,4680.0,4472.0,4264.0,4056.0,4056.0,3848.0,3744.0,3744.0,3640.0,3640.0,3536.0
1907,,,,,,,,,,,,,,,,,6136.0,6344.0,6136.0,6136.0,6240.0,6240.0,6240.0,6344.0,6344.0,6448.0,6344.0,6344.0,6344.0,6344.0,6240.0,6240.0,6136.0,6240.0,6032.0,6032.0,5928.0,5616.0,5304.0,5512.0,5512.0,5616.0,5616.0,5720.0,5616.0,5720.0,5824.0,5720.0,5720.0,5824.0,5824.0,5720.0,5720.0,5824.0,5824.0,5824.0,5824.0,5720.0,5720.0,5720.0,5720.0,5512.0,5512.0,5512.0,5408.0,5408.0,5408.0,5408.0,5408.0,5512.0,5408.0,5512.0,5408.0,5408.0,5408.0,5408.0,5512.0,5512.0,5408.0,5304.0,5408.0,5200.0,5200.0,5096.0,4992.0,5096.0,4888.0,4992.0,4888.0,4784.0,4888.0,4680.0,4784.0,4680.0,4576.0,4472.0,4472.0,4368.0,4472.0,4368.0,4472.0,4472.0,4472.0,4576.0,4472.0,4784.0,4680.0,4888.0,4888.0,4784.0,4888.0,4992.0,4888.0,4888.0,4888.0,5096.0,5096.0,5096.0,5096.0,5200.0,5200.0,5096.0,5200.0,5200.0,5304.0,5200.0,5304.0,5200.0,5200.0,5304.0,5200.0,5304.0,5304.0,5304.0,5408.0,5512.0,5720.0,5720.0,5928.0,5928.0,6032.0,6032.0,5928.0,5928.0,6032.0,6136.0,6032.0,6032.0,6032.0,6136.0,6136.0,6136.0,6136.0,6136.0,6136.0,6032.0,5928.0,5928.0,6032.0,6032.0,5824.0,5928.0,5824.0,5824.0,5720.0,5512.0,5616.0,5408.0,5304.0,5200.0,5096.0,4992.0,4888.0,4992.0,4888.0,4784.0,4680.0,4784.0,4472.0,4472.0,4472.0,4472.0,4472.0,4472.0,4472.0,4576.0,4576.0,4472.0,4576.0,4576.0,4576.0,4784.0,4680.0,4888.0,4888.0,4888.0,4888.0,4992.0,5096.0,4992.0,5096.0,5096.0,5200.0,5200.0,5304.0,5200.0,5304.0,5304.0,5304.0,5200.0,5200.0,5200.0,5200.0,4992.0,5096.0,4888.0,4992.0,4888.0,4784.0,4888.0,4680.0,4680.0,4264.0,4056.0,3848.0,3952.0,3744.0,3640.0,3536.0
1912,,,,,,,,,,,,,,,,,6136.0,6344.0,6240.0,6240.0,6136.0,6136.0,6344.0,6344.0,6344.0,6448.0,6344.0,6344.0,6240.0,6240.0,6240.0,6136.0,6136.0,6240.0,6032.0,5928.0,5928.0,5408.0,5200.0,5200.0,5304.0,5304.0,5304.0,5304.0,5408.0,5512.0,5512.0,5512.0,5512.0,5408.0,5512.0,5408.0,5512.0,5408.0,5408.0,5408.0,5408.0,5304.0,5304.0,5304.0,5304.0,5304.0,5200.0,5200.0,5200.0,5096.0,5200.0,5096.0,5096.0,5096.0,5096.0,5096.0,5096.0,5200.0,5096.0,5200.0,5096.0,5096.0,5096.0,5096.0,5096.0,4992.0,4992.0,4888.0,4992.0,4888.0,4784.0,4888.0,4680.0,4784.0,4576.0,4472.0,4368.0,4368.0,4368.0,4368.0,4264.0,4368.0,4264.0,4368.0,4368.0,4472.0,4472.0,4472.0,4472.0,4472.0,4576.0,4784.0,4680.0,4680.0,4888.0,4888.0,4888.0,4784.0,4888.0,4888.0,4888.0,4888.0,4992.0,5096.0,4992.0,4992.0,4992.0,5096.0,5096.0,4992.0,4992.0,4992.0,5096.0,4992.0,4992.0,4992.0,5096.0,5200.0,5304.0,5304.0,5408.0,5512.0,5616.0,5720.0,5616.0,5720.0,5720.0,5720.0,5824.0,5824.0,5824.0,5824.0,5824.0,5824.0,5824.0,5824.0,5824.0,5824.0,5616.0,5616.0,5512.0,5616.0,5408.0,5304.0,5304.0,5200.0,5200.0,5200.0,5096.0,5096.0,4992.0,4992.0,4888.0,4992.0,4784.0,4888.0,4784.0,4784.0,4680.0,4472.0,4264.0,4368.0,4264.0,4368.0,4368.0,4368.0,4472.0,4368.0,4472.0,4368.0,4368.0,4472.0,4472.0,4472.0,4576.0,4576.0,4472.0,4680.0,4680.0,4888.0,4888.0,4888.0,4992.0,4992.0,4992.0,4992.0,4992.0,5096.0,5096.0,5096.0,5096.0,5200.0,5096.0,5096.0,4992.0,5096.0,4888.0,4992.0,4888.0,4888.0,4784.0,4784.0,4784.0,4576.0,4368.0,4056.0,3952.0,3952.0,3848.0,3744.0,3744.0,3536.0,3640.0
1917,,,,,,,,,,,,,,,,,6136.0,6240.0,6240.0,6240.0,6136.0,6240.0,6240.0,6344.0,6344.0,6344.0,6344.0,6344.0,6240.0,6344.0,6240.0,6136.0,6136.0,6136.0,6136.0,6032.0,6032.0,5512.0,5304.0,5408.0,5408.0,5408.0,5408.0,5408.0,5512.0,5616.0,5616.0,5616.0,5616.0,5616.0,5512.0,5616.0,5512.0,5512.0,5512.0,5512.0,5616.0,5512.0,5512.0,5512.0,5408.0,5304.0,5304.0,5304.0,5304.0,5200.0,5304.0,5200.0,5200.0,5200.0,5200.0,5200.0,5200.0,5304.0,5200.0,5304.0,5200.0,5200.0,5200.0,5200.0,5096.0,5096.0,5096.0,4992.0,4888.0,4992.0,4888.0,4784.0,4888.0,4784.0,4680.0,4576.0,4472.0,4472.0,4368.0,4472.0,4368.0,4472.0,4368.0,4472.0,4472.0,4472.0,4472.0,4472.0,4576.0,4576.0,4680.0,4680.0,4680.0,4784.0,4888.0,4888.0,4784.0,4992.0,4992.0,4888.0,4992.0,5096.0,4992.0,5096.0,4992.0,5096.0,5096.0,5200.0,5096.0,5096.0,5200.0,5200.0,5200.0,5096.0,5200.0,5200.0,5200.0,5200.0,5200.0,5304.0,5408.0,5616.0,5616.0,5824.0,5824.0,5824.0,5928.0,5928.0,5928.0,5928.0,5928.0,5928.0,5928.0,5824.0,5928.0,5928.0,5824.0,5824.0,5824.0,5720.0,5720.0,5720.0,5720.0,5512.0,5512.0,5512.0,5408.0,5512.0,5304.0,5200.0,5200.0,5096.0,5096.0,4992.0,4888.0,4992.0,4888.0,4784.0,4784.0,4680.0,4472.0,4576.0,4368.0,4472.0,4368.0,4472.0,4368.0,4472.0,4368.0,4472.0,4472.0,4472.0,4472.0,4472.0,4576.0,4576.0,4784.0,4784.0,4784.0,4784.0,4784.0,4888.0,4992.0,5096.0,4992.0,4992.0,5200.0,5096.0,5200.0,5096.0,5200.0,5200.0,5200.0,5200.0,5096.0,5096.0,5096.0,4992.0,4992.0,4888.0,4888.0,4784.0,4784.0,4680.0,4472.0,4368.0,4160.0,3952.0,3848.0,3744.0,3640.0,3744.0,3640.0
1922,,,,,,,,,,,,,,,,,6136.0,6240.0,6136.0,6136.0,6136.0,6136.0,6344.0,6240.0,6344.0,6448.0,6344.0,6344.0,6344.0,6240.0,6240.0,6240.0,6136.0,6136.0,6032.0,6032.0,5928.0,5512.0,5304.0,5304.0,5304.0,5408.0,5512.0,5512.0,5512.0,5512.0,5616.0,5512.0,5616.0,5616.0,5616.0,5616.0,5616.0,5616.0,5616.0,5512.0,5408.0,5408.0,5512.0,5408.0,5408.0,5304.0,5200.0,5200.0,5200.0,5200.0,5200.0,5200.0,5200.0,5200.0,5200.0,5304.0,5200.0,5200.0,5200.0,5200.0,5200.0,5200.0,5096.0,5096.0,4992.0,5096.0,4992.0,4888.0,4992.0,4784.0,4888.0,4784.0,4784.0,4680.0,4576.0,4472.0,4472.0,4368.0,4368.0,4368.0,4368.0,4368.0,4368.0,4472.0,4472.0,4368.0,4472.0,4472.0,4576.0,4472.0,4576.0,4680.0,4784.0,4784.0,4784.0,4888.0,4784.0,4888.0,4992.0,4992.0,4992.0,4992.0,5096.0,5096.0,5096.0,4992.0,5096.0,5096.0,5096.0,5096.0,5096.0,5096.0,5096.0,5096.0,5096.0,5200.0,5096.0,5200.0,5304.0,5408.0,5408.0,5616.0,5512.0,5616.0,5720.0,5720.0,5824.0,5928.0,5824.0,5824.0,5824.0,5928.0,5824.0,5824.0,5824.0,5720.0,5824.0,5720.0,5720.0,5616.0,5616.0,5616.0,5616.0,5512.0,5304.0,5304.0,5304.0,5200.0,5200.0,5096.0,5200.0,5096.0,4992.0,4992.0,4888.0,4888.0,4784.0,4888.0,4680.0,4784.0,4368.0,4368.0,4368.0,4472.0,4368.0,4472.0,4368.0,4472.0,4368.0,4472.0,4472.0,4472.0,4472.0,4472.0,4576.0,4472.0,4576.0,4680.0,4784.0,4888.0,4784.0,4992.0,4888.0,4888.0,5096.0,4992.0,5096.0,5096.0,5096.0,5200.0,5096.0,5200.0,5096.0,5096.0,5096.0,5096.0,4992.0,4992.0,4888.0,4992.0,4888.0,4784.0,4680.0,4784.0,4576.0,4264.0,4160.0,3952.0,3848.0,3848.0,3640.0,3536.0,3640.0
1927,,,,,,,,,,,,,,,,,6136.0,6344.0,6240.0,6136.0,6240.0,6136.0,6344.0,6344.0,6344.0,6344.0,6344.0,6344.0,6240.0,6344.0,6240.0,6136.0,6136.0,6136.0,6136.0,6032.0,6032.0,5512.0,5304.0,5304.0,5304.0,5304.0,5408.0,5408.0,5408.0,5616.0,5512.0,5512.0,5616.0,5616.0,5512.0,5616.0,5512.0,5512.0,5616.0,5512.0,5512.0,5512.0,5512.0,5408.0,5408.0,5408.0,5304.0,5304.0,5200.0,5200.0,5200.0,5304.0,5200.0,5200.0,5200.0,5200.0,5200.0,5200.0,5304.0,5304.0,5304.0,5200.0,5200.0,5200.0,5096.0,4992.0,5096.0,4888.0,4992.0,4888.0,4888.0,4784.0,4888.0,4680.0,4784.0,4472.0,4576.0,4368.0,4472.0,4472.0,4472.0,4472.0,4472.0,4472.0,4472.0,4368.0,4472.0,4472.0,4576.0,4576.0,4576.0,4680.0,4680.0,4784.0,4888.0,4784.0,4888.0,4888.0,4992.0,4992.0,4992.0,5096.0,5096.0,5096.0,5096.0,4992.0,5096.0,5096.0,5096.0,5096.0,5200.0,5096.0,5200.0,5096.0,5200.0,5200.0,5200.0,5200.0,5200.0,5304.0,5512.0,5512.0,5720.0,5720.0,5720.0,5824.0,5928.0,5824.0,5928.0,5824.0,5928.0,5928.0,5824.0,5824.0,5824.0,5928.0,5824.0,5720.0,5824.0,5824.0,5616.0,5616.0,5512.0,5512.0,5512.0,5408.0,5408.0,5304.0,5200.0,5304.0,5096.0,4992.0,5096.0,4888.0,4992.0,4888.0,4888.0,4784.0,4784.0,4680.0,4576.0,4472.0,4368.0,4472.0,4368.0,4472.0,4368.0,4472.0,4368.0,4472.0,4472.0,4472.0,4472.0,4576.0,4472.0,4576.0,4576.0,4784.0,4680.0,4784.0,4888.0,4888.0,4992.0,5096.0,4992.0,5096.0,5096.0,5200.0,5096.0,5200.0,5096.0,5096.0,5096.0,5200.0,5096.0,5096.0,4992.0,4992.0,4888.0,4992.0,4784.0,4888.0,4784.0,4680.0,4576.0,4160.0,4056.0,3952.0,3848.0,3744.0,3640.0,3536.0,3640.0
1932,,,,,,,,,,,,,,,,,6136.0,6344.0,6136.0,6136.0,6136.0,6240.0,6240.0,6344.0,6448.0,6448.0,6344.0,6448.0,6344.0,6344.0,6344.0,6448.0,6344.0,6240.0,6240.0,6240.0,6240.0,6240.0,6240.0,6344.0,6344.0,6448.0,6448.0,6448.0,6552.0,6448.0,6552.0,6656.0,6552.0,6552.0,6552.0,6552.0,6656.0,6552.0,6552.0,6552.0,6552.0,6552.0,6552.0,6552.0,6552.0,6448.0,6448.0,6552.0,6448.0,6552.0,6552.0,6552.0,6448.0,6552.0,6448.0,6552.0,6552.0,6552.0,6552.0,6448.0,6448.0,6448.0,6448.0,6448.0,6344.0,6344.0,6344.0,6344.0,6240.0,6240.0,6136.0,6136.0,6136.0,6136.0,6136.0,6136.0,5928.0,5928.0,5928.0,5928.0,5616.0,5616.0,5512.0,5512.0,5408.0,5408.0,5512.0,5616.0,5616.0,5824.0,5824.0,6032.0,6032.0,6136.0,6240.0,6240.0,6240.0,6240.0,6240.0,6344.0,6448.0,6552.0,6552.0,6552.0,6552.0,6552.0,6552.0,6656.0,6656.0,6656.0,6656.0,6552.0,6656.0,6552.0,6448.0,6448.0,6656.0,6656.0,6552.0,6656.0,6656.0,6656.0,6760.0,6760.0,6760.0,6760.0,6864.0,6864.0,6760.0,6760.0,6760.0,6760.0,6760.0,6760.0,6656.0,6760.0,6656.0,6760.0,6656.0,6656.0,6552.0,6552.0,6552.0,6552.0,6552.0,6552.0,6448.0,6552.0,6448.0,6344.0,6344.0,6344.0,6344.0,6344.0,6240.0,6136.0,6240.0,6240.0,6032.0,6032.0,6032.0,5824.0,5824.0,5512.0,5616.0,5616.0,5616.0,5616.0,5616.0,5512.0,5616.0,5616.0,5720.0,5720.0,5720.0,5928.0,5928.0,6032.0,6136.0,6240.0,6240.0,6240.0,6344.0,6448.0,6552.0,6448.0,6656.0,6552.0,6656.0,6552.0,6656.0,6552.0,6552.0,6552.0,6552.0,6552.0,6344.0,6448.0,6240.0,6240.0,6344.0,6240.0,6240.0,6136.0,6136.0,6032.0,5928.0,5824.0,5720.0,5200.0,5096.0,4992.0,4888.0
1937,,,,,,,,,,,,,,,,,6136.0,6240.0,6136.0,6136.0,6136.0,6240.0,6240.0,6448.0,6448.0,6448.0,6448.0,6448.0,6552.0,6448.0,6344.0,6448.0,6344.0,6240.0,6344.0,6344.0,6240.0,6448.0,6448.0,6448.0,6552.0,6552.0,6656.0,6552.0,6552.0,6552.0,6656.0,6656.0,6656.0,6552.0,6656.0,6552.0,6656.0,6656.0,6656.0,6656.0,6656.0,6552.0,6552.0,6552.0,6656.0,6552.0,6552.0,6656.0,6552.0,6552.0,6552.0,6552.0,6656.0,6552.0,6656.0,6760.0,6656.0,6760.0,6656.0,6656.0,6552.0,6552.0,6552.0,6656.0,6552.0,6448.0,6552.0,6344.0,6448.0,6344.0,6240.0,6240.0,6240.0,6240.0,6240.0,6240.0,6136.0,6136.0,6240.0,6136.0,6032.0,6136.0,6032.0,5928.0,6032.0,5928.0,5928.0,6136.0,6032.0,6240.0,6240.0,6240.0,6344.0,6344.0,6448.0,6448.0,6552.0,6448.0,6552.0,6552.0,6656.0,6552.0,6656.0,6656.0,6656.0,6656.0,6760.0,6760.0,6656.0,6760.0,6656.0,6760.0,6656.0,6656.0,6656.0,6656.0,6760.0,6656.0,6656.0,6760.0,6760.0,6864.0,6864.0,6864.0,6864.0,6864.0,6864.0,6864.0,6864.0,6864.0,6864.0,6760.0,6864.0,6760.0,6760.0,6760.0,6760.0,6760.0,6760.0,6760.0,6760.0,6656.0,6760.0,6760.0,6760.0,6656.0,6656.0,6552.0,6552.0,6448.0,6552.0,6344.0,6344.0,6344.0,6344.0,6344.0,6344.0,6240.0,6136.0,6136.0,6240.0,6136.0,6136.0,6136.0,6032.0,6032.0,6032.0,5928.0,6136.0,6032.0,6136.0,6136.0,6032.0,6136.0,6240.0,6240.0,6240.0,6344.0,6448.0,6448.0,6552.0,6656.0,6552.0,6656.0,6656.0,6656.0,6656.0,6760.0,6656.0,6760.0,6656.0,6760.0,6656.0,6552.0,6656.0,6552.0,6448.0,6448.0,6448.0,6344.0,6344.0,6344.0,6344.0,6240.0,6240.0,6240.0,6136.0,6136.0,6032.0,6032.0,5824.0,5304.0,4992.0
1942,,,,,,,,,,,,,,,,,6136.0,6240.0,6240.0,6240.0,6240.0,6240.0,6344.0,6344.0,6344.0,6448.0,6448.0,6448.0,6552.0,6448.0,6344.0,6344.0,6344.0,6344.0,6344.0,6240.0,6448.0,6344.0,6448.0,6552.0,6552.0,6656.0,6552.0,6552.0,6656.0,6656.0,6656.0,6760.0,6656.0,6656.0,6656.0,6656.0,6656.0,6656.0,6656.0,6656.0,6656.0,6656.0,6656.0,6552.0,6552.0,6656.0,6552.0,6552.0,6552.0,6552.0,6656.0,6552.0,6656.0,6656.0,6760.0,6760.0,6760.0,6656.0,6760.0,6760.0,6656.0,6656.0,6656.0,6552.0,6656.0,6448.0,6448.0,6344.0,6448.0,6448.0,6240.0,6240.0,6240.0,6344.0,6240.0,6240.0,6136.0,6240.0,6240.0,6032.0,6032.0,6032.0,6136.0,6136.0,6032.0,6032.0,6136.0,6032.0,6240.0,6136.0,6344.0,6344.0,6344.0,6448.0,6552.0,6448.0,6448.0,6552.0,6656.0,6552.0,6656.0,6552.0,6656.0,6656.0,6656.0,6656.0,6656.0,6760.0,6760.0,6760.0,6760.0,6760.0,6760.0,6656.0,6656.0,6760.0,6760.0,6760.0,6656.0,6760.0,6760.0,6760.0,6864.0,6864.0,6864.0,6968.0,6968.0,6864.0,6864.0,6864.0,6864.0,6864.0,6760.0,6864.0,6864.0,6864.0,6864.0,6760.0,6864.0,6760.0,6760.0,6760.0,6760.0,6760.0,6760.0,6656.0,6552.0,6552.0,6552.0,6552.0,6552.0,6344.0,6344.0,6344.0,6344.0,6240.0,6240.0,6240.0,6240.0,6136.0,6136.0,6136.0,6136.0,6032.0,6032.0,6032.0,6136.0,6136.0,6032.0,6136.0,6136.0,6032.0,6240.0,6240.0,6240.0,6344.0,6344.0,6448.0,6448.0,6448.0,6448.0,6656.0,6656.0,6656.0,6656.0,6656.0,6760.0,6760.0,6760.0,6760.0,6760.0,6760.0,6656.0,6656.0,6552.0,6656.0,6552.0,6552.0,6552.0,6448.0,6344.0,6344.0,6344.0,6240.0,6240.0,6136.0,6240.0,6032.0,6136.0,6032.0,5928.0,5616.0,5200.0
1947,,,,,,,,,,,,,,,,,6136.0,6344.0,6136.0,6136.0,6136.0,6136.0,6240.0,6344.0,6448.0,6448.0,6448.0,6552.0,6448.0,6448.0,6448.0,6344.0,6448.0,6344.0,6344.0,6344.0,6344.0,6448.0,6448.0,6552.0,6552.0,6552.0,6656.0,6552.0,6760.0,6656.0,6656.0,6656.0,6760.0,6656.0,6760.0,6656.0,6656.0,6656.0,6656.0,6656.0,6656.0,6656.0,6656.0,6656.0,6656.0,6552.0,6656.0,6552.0,6552.0,6552.0,6656.0,6760.0,6656.0,6656.0,6760.0,6656.0,6760.0,6656.0,6656.0,6656.0,6656.0,6656.0,6656.0,6552.0,6656.0,6656.0,6448.0,6448.0,6344.0,6344.0,6448.0,6344.0,6344.0,6240.0,6240.0,6240.0,6240.0,6240.0,6240.0,6136.0,6136.0,6136.0,6240.0,6136.0,6136.0,6136.0,6136.0,6240.0,6344.0,6240.0,6344.0,6344.0,6552.0,6448.0,6552.0,6656.0,6656.0,6552.0,6656.0,6552.0,6656.0,6760.0,6656.0,6760.0,6760.0,6760.0,6656.0,6656.0,6760.0,6760.0,6760.0,6656.0,6656.0,6656.0,6760.0,6760.0,6760.0,6656.0,6864.0,6760.0,6760.0,6864.0,6864.0,6864.0,6864.0,6968.0,6864.0,6864.0,6864.0,6968.0,6864.0,6968.0,6864.0,6968.0,6968.0,6968.0,6864.0,6864.0,6864.0,6864.0,6760.0,6760.0,6760.0,6760.0,6760.0,6760.0,6656.0,6656.0,6656.0,6552.0,6552.0,6552.0,6448.0,6448.0,6344.0,6344.0,6344.0,6240.0,6240.0,6240.0,6136.0,6136.0,6240.0,6136.0,6136.0,6136.0,6136.0,6240.0,6136.0,6240.0,6240.0,6136.0,6344.0,6344.0,6344.0,6448.0,6344.0,6552.0,6448.0,6448.0,6552.0,6552.0,6656.0,6760.0,6760.0,6760.0,6760.0,6864.0,6864.0,6760.0,6760.0,6656.0,6760.0,6760.0,6656.0,6656.0,6552.0,6448.0,6448.0,6552.0,6448.0,6344.0,6344.0,6240.0,6240.0,6240.0,6136.0,6240.0,6136.0,6032.0,6032.0,5928.0,5408.0
1952,,,,,,,,,,,,,,,,,6136.0,6240.0,6240.0,6240.0,6136.0,6240.0,6344.0,6344.0,6344.0,6448.0,6448.0,6448.0,6448.0,6448.0,6344.0,6344.0,6448.0,6240.0,6344.0,6344.0,6240.0,6448.0,6448.0,6448.0,6552.0,6552.0,6552.0,6656.0,6552.0,6552.0,6656.0,6552.0,6552.0,6552.0,6656.0,6656.0,6552.0,6656.0,6656.0,6552.0,6656.0,6552.0,6656.0,6656.0,6552.0,6552.0,6552.0,6552.0,6552.0,6656.0,6656.0,6656.0,6656.0,6656.0,6656.0,6656.0,6656.0,6656.0,6656.0,6656.0,6552.0,6656.0,6552.0,6552.0,6448.0,6552.0,6344.0,6448.0,6448.0,6240.0,6240.0,6344.0,6240.0,6344.0,6136.0,6240.0,6240.0,6136.0,6032.0,6032.0,6032.0,6032.0,5928.0,5928.0,6032.0,5928.0,6032.0,5928.0,6032.0,6136.0,6240.0,6240.0,6240.0,6344.0,6448.0,6448.0,6448.0,6448.0,6552.0,6552.0,6552.0,6552.0,6552.0,6552.0,6656.0,6760.0,6760.0,6656.0,6760.0,6656.0,6760.0,6656.0,6656.0,6552.0,6552.0,6656.0,6656.0,6656.0,6656.0,6760.0,6760.0,6864.0,6760.0,6864.0,6864.0,6864.0,6864.0,6864.0,6760.0,6760.0,6760.0,6864.0,6864.0,6864.0,6760.0,6864.0,6760.0,6760.0,6760.0,6760.0,6760.0,6656.0,6760.0,6656.0,6656.0,6552.0,6552.0,6552.0,6552.0,6552.0,6448.0,6344.0,6448.0,6240.0,6344.0,6240.0,6240.0,6240.0,6136.0,6136.0,6136.0,6032.0,6136.0,6032.0,6032.0,6032.0,6032.0,5928.0,6032.0,5928.0,5928.0,6032.0,6032.0,6032.0,6240.0,6136.0,6240.0,6240.0,6448.0,6448.0,6552.0,6552.0,6656.0,6552.0,6656.0,6760.0,6656.0,6656.0,6760.0,6656.0,6656.0,6656.0,6656.0,6552.0,6552.0,6552.0,6448.0,6552.0,6344.0,6344.0,6344.0,6240.0,6240.0,6240.0,6240.0,6136.0,6240.0,6136.0,6032.0,5928.0,5720.0,5200.0,4992.0
1957,,,,,,,,,,,,,,,,,6136.0,6240.0,6136.0,6240.0,6240.0,6240.0,6344.0,6344.0,6448.0,6448.0,6448.0,6448.0,6448.0,6448.0,6448.0,6344.0,6344.0,6448.0,6344.0,6448.0,6344.0,6448.0,6552.0,6448.0,6656.0,6552.0,6656.0,6656.0,6760.0,6656.0,6656.0,6656.0,6760.0,6656.0,6760.0,6656.0,6656.0,6656.0,6656.0,6656.0,6760.0,6760.0,6760.0,6656.0,6656.0,6552.0,6656.0,6552.0,6552.0,6552.0,6656.0,6760.0,6656.0,6656.0,6760.0,6656.0,6760.0,6656.0,6656.0,6760.0,6760.0,6656.0,6656.0,6552.0,6656.0,6656.0,6448.0,6448.0,6448.0,6344.0,6448.0,6344.0,6240.0,6344.0,6344.0,6344.0,6240.0,6240.0,6240.0,6240.0,6240.0,6240.0,6136.0,6136.0,6136.0,6136.0,6240.0,6136.0,6240.0,6240.0,6448.0,6448.0,6448.0,6552.0,6552.0,6656.0,6656.0,6552.0,6552.0,6656.0,6656.0,6760.0,6656.0,6760.0,6760.0,6760.0,6656.0,6656.0,6760.0,6760.0,6656.0,6760.0,6760.0,6760.0,6656.0,6656.0,6656.0,6760.0,6760.0,6864.0,6864.0,6760.0,6968.0,6968.0,6968.0,6864.0,6968.0,6968.0,6968.0,6968.0,6864.0,6968.0,6864.0,6968.0,6864.0,6864.0,6864.0,6864.0,6864.0,6760.0,6760.0,6760.0,6656.0,6656.0,6656.0,6656.0,6760.0,6656.0,6656.0,6552.0,6552.0,6552.0,6344.0,6344.0,6344.0,6344.0,6344.0,6240.0,6344.0,6240.0,6136.0,6136.0,6240.0,6136.0,6136.0,6136.0,6240.0,6240.0,6136.0,6240.0,6240.0,6136.0,6344.0,6344.0,6344.0,6448.0,6344.0,6552.0,6448.0,6448.0,6656.0,6656.0,6656.0,6656.0,6656.0,6656.0,6760.0,6760.0,6760.0,6760.0,6760.0,6656.0,6760.0,6760.0,6656.0,6552.0,6552.0,6448.0,6552.0,6448.0,6344.0,6448.0,6240.0,6344.0,6344.0,6240.0,6136.0,6240.0,6032.0,6136.0,6032.0,5928.0,5304.0
1962,,,,,,,,,,,,,,,,,6136.0,6344.0,6240.0,6240.0,6136.0,6240.0,6344.0,6448.0,6448.0,6448.0,6448.0,6344.0,6448.0,6448.0,6448.0,6344.0,6344.0,6240.0,6240.0,6240.0,6136.0,6240.0,6344.0,6344.0,6448.0,6448.0,6552.0,6552.0,6552.0,6552.0,6552.0,6552.0,6552.0,6448.0,6552.0,6448.0,6552.0,6448.0,6552.0,6448.0,6552.0,6448.0,6552.0,6448.0,6448.0,6448.0,6552.0,6448.0,6552.0,6448.0,6552.0,6448.0,6448.0,6448.0,6448.0,6448.0,6448.0,6448.0,6448.0,6552.0,6448.0,6552.0,6448.0,6448.0,6448.0,6448.0,6344.0,6344.0,6344.0,6240.0,6136.0,6136.0,6240.0,6136.0,6136.0,6032.0,5928.0,5928.0,5824.0,5616.0,5512.0,5512.0,5408.0,5304.0,5408.0,5304.0,5304.0,5512.0,5616.0,5720.0,5720.0,5928.0,5928.0,6032.0,6136.0,6136.0,6240.0,6136.0,6344.0,6240.0,6344.0,6344.0,6344.0,6552.0,6448.0,6552.0,6448.0,6448.0,6552.0,6552.0,6552.0,6552.0,6448.0,6552.0,6552.0,6448.0,6552.0,6656.0,6656.0,6656.0,6760.0,6656.0,6656.0,6656.0,6656.0,6760.0,6760.0,6760.0,6760.0,6656.0,6760.0,6656.0,6760.0,6656.0,6656.0,6656.0,6656.0,6656.0,6552.0,6656.0,6656.0,6552.0,6552.0,6552.0,6552.0,6448.0,6448.0,6448.0,6448.0,6448.0,6448.0,6240.0,6240.0,6240.0,6240.0,6240.0,6240.0,6136.0,6032.0,6032.0,6032.0,5824.0,5616.0,5512.0,5408.0,5408.0,5408.0,5512.0,5408.0,5512.0,5512.0,5408.0,5616.0,5616.0,5616.0,5720.0,5824.0,5824.0,5928.0,6136.0,6136.0,6136.0,6240.0,6344.0,6344.0,6552.0,6552.0,6448.0,6656.0,6552.0,6552.0,6552.0,6448.0,6448.0,6448.0,6448.0,6344.0,6344.0,6240.0,6344.0,6240.0,6136.0,6240.0,6136.0,6136.0,6032.0,5928.0,5824.0,5304.0,5096.0,4992.0,4992.0,4888.0
1967,,,,,,,,,,,,,,,,,6136.0,6344.0,6240.0,6136.0,6240.0,6136.0,6344.0,6448.0,6448.0,6448.0,6448.0,6448.0,6344.0,6344.0,6240.0,6344.0,6240.0,6240.0,6136.0,6136.0,6032.0,6032.0,5616.0,5512.0,5720.0,5720.0,5720.0,5824.0,5824.0,5824.0,5928.0,5824.0,5928.0,5928.0,6032.0,5928.0,5928.0,5928.0,6032.0,6032.0,5928.0,5928.0,5824.0,5928.0,5720.0,5720.0,5720.0,5616.0,5616.0,5616.0,5616.0,5616.0,5616.0,5720.0,5720.0,5720.0,5720.0,5720.0,5616.0,5616.0,5616.0,5616.0,5616.0,5512.0,5616.0,5408.0,5408.0,5200.0,5200.0,5096.0,4992.0,4992.0,4888.0,4992.0,4784.0,4888.0,4784.0,4680.0,4784.0,4680.0,4472.0,4576.0,4472.0,4472.0,4576.0,4576.0,4472.0,4576.0,4784.0,4784.0,4888.0,4888.0,4888.0,4992.0,4992.0,4888.0,4992.0,4992.0,4992.0,4992.0,5096.0,5200.0,5200.0,5200.0,5200.0,5304.0,5304.0,5200.0,5304.0,5304.0,5408.0,5304.0,5304.0,5304.0,5304.0,5408.0,5304.0,5408.0,5616.0,5616.0,5824.0,5928.0,6032.0,6032.0,6136.0,6136.0,6136.0,6136.0,6136.0,6240.0,6240.0,6240.0,6240.0,6240.0,6344.0,6240.0,6344.0,6344.0,6240.0,6240.0,6240.0,6240.0,6136.0,6136.0,6136.0,6032.0,6032.0,6032.0,6032.0,5824.0,5928.0,5616.0,5408.0,5304.0,5200.0,5096.0,4992.0,4992.0,4888.0,4888.0,4784.0,4784.0,4680.0,4680.0,4472.0,4576.0,4472.0,4472.0,4472.0,4472.0,4576.0,4472.0,4576.0,4784.0,4784.0,4784.0,4784.0,4784.0,4888.0,4992.0,4888.0,5096.0,4992.0,5200.0,5200.0,5304.0,5200.0,5408.0,5304.0,5408.0,5304.0,5408.0,5304.0,5408.0,5304.0,5304.0,5200.0,5200.0,5096.0,5096.0,4888.0,4992.0,4888.0,4784.0,4888.0,4784.0,4576.0,4264.0,4056.0,3848.0,3848.0,3640.0,3744.0
1972,,,,,,,,,,,,,,,,,6136.0,6240.0,6240.0,6136.0,6240.0,6240.0,6344.0,6344.0,6344.0,6344.0,6344.0,6344.0,6448.0,6448.0,6240.0,6240.0,6344.0,6136.0,6136.0,6136.0,6032.0,6032.0,5928.0,5928.0,5824.0,6032.0,5928.0,6032.0,6032.0,6136.0,6136.0,6136.0,6032.0,6032.0,6032.0,6240.0,6136.0,6136.0,6240.0,6136.0,6136.0,6032.0,6032.0,6032.0,6136.0,6032.0,5928.0,5928.0,6032.0,5928.0,6032.0,6032.0,6032.0,5928.0,6032.0,5928.0,6032.0,6032.0,6032.0,5928.0,6032.0,5928.0,6032.0,5928.0,5824.0,5824.0,5824.0,5824.0,5616.0,5512.0,5408.0,5200.0,5096.0,4992.0,5096.0,4888.0,4992.0,4888.0,4888.0,4784.0,4888.0,4784.0,4784.0,4680.0,4784.0,4784.0,4784.0,4784.0,4888.0,4888.0,4992.0,4992.0,4992.0,5096.0,5096.0,5096.0,5096.0,5200.0,5200.0,5304.0,5200.0,5304.0,5304.0,5512.0,5408.0,5616.0,5512.0,5720.0,5720.0,5616.0,5720.0,5720.0,5720.0,5824.0,5824.0,5824.0,5928.0,6032.0,6032.0,6136.0,6136.0,6240.0,6240.0,6448.0,6344.0,6448.0,6552.0,6448.0,6448.0,6552.0,6448.0,6552.0,6448.0,6552.0,6552.0,6448.0,6448.0,6448.0,6344.0,6344.0,6344.0,6344.0,6344.0,6344.0,6344.0,6240.0,6240.0,6136.0,6240.0,6032.0,6136.0,6032.0,5928.0,5824.0,5928.0,5408.0,5096.0,4992.0,5096.0,4888.0,4992.0,4992.0,4784.0,4784.0,4784.0,4784.0,4784.0,4784.0,4784.0,4888.0,4784.0,4784.0,4888.0,4888.0,4784.0,4992.0,4992.0,4992.0,5096.0,4992.0,5096.0,5096.0,5304.0,5304.0,5304.0,5512.0,5512.0,5720.0,5616.0,5824.0,5824.0,5824.0,5824.0,5824.0,5720.0,5616.0,5616.0,5616.0,5512.0,5408.0,5304.0,5096.0,4992.0,4992.0,4888.0,4992.0,4888.0,4784.0,4680.0,4576.0,4368.0,3848.0,3744.0
1977,,,,,,,,,,,,,,,,,6136.0,6240.0,6136.0,6136.0,6136.0,6240.0,6240.0,6344.0,6344.0,6344.0,6344.0,6448.0,6448.0,6448.0,6344.0,6344.0,6344.0,6240.0,6136.0,6136.0,6240.0,6032.0,6032.0,6032.0,6032.0,6032.0,6136.0,6136.0,6240.0,6344.0,6344.0,6344.0,6240.0,6240.0,6240.0,6240.0,6240.0,6240.0,6344.0,6240.0,6344.0,6240.0,6240.0,6344.0,6344.0,6240.0,6136.0,6240.0,6136.0,6240.0,6240.0,6240.0,6136.0,6136.0,6240.0,6240.0,6240.0,6240.0,6240.0,6240.0,6240.0,6136.0,6240.0,6240.0,6136.0,6136.0,6136.0,6136.0,6032.0,6032.0,5928.0,5824.0,5408.0,5304.0,5096.0,5200.0,5096.0,4992.0,5096.0,4992.0,4992.0,4992.0,4888.0,4888.0,4992.0,4992.0,4888.0,4992.0,4992.0,5096.0,5096.0,5200.0,5096.0,5200.0,5304.0,5304.0,5304.0,5408.0,5408.0,5512.0,5512.0,5616.0,5824.0,5824.0,5928.0,5928.0,5928.0,6032.0,6032.0,6032.0,6136.0,6136.0,6136.0,6136.0,6136.0,6240.0,6136.0,6240.0,6240.0,6448.0,6344.0,6552.0,6552.0,6552.0,6656.0,6656.0,6552.0,6552.0,6552.0,6656.0,6552.0,6656.0,6552.0,6656.0,6552.0,6552.0,6448.0,6552.0,6448.0,6552.0,6448.0,6344.0,6344.0,6344.0,6344.0,6344.0,6344.0,6240.0,6240.0,6240.0,6136.0,6240.0,6032.0,6032.0,6032.0,5928.0,5824.0,5512.0,5096.0,5096.0,4992.0,4992.0,4992.0,4888.0,4888.0,4992.0,4888.0,4992.0,4888.0,4992.0,4992.0,4992.0,4888.0,4992.0,5096.0,4992.0,4992.0,5096.0,5200.0,5200.0,5304.0,5408.0,5512.0,5616.0,5824.0,5928.0,5928.0,5928.0,6032.0,6136.0,6032.0,6032.0,6032.0,6136.0,6032.0,6136.0,6032.0,5928.0,6032.0,5928.0,5928.0,5616.0,5408.0,5408.0,5200.0,5096.0,4992.0,4992.0,4888.0,4888.0,4576.0,4576.0,4160.0
1982,,,,,,,,,,,,,,,,,6136.0,6240.0,6136.0,6136.0,6240.0,6240.0,6448.0,6344.0,6448.0,6448.0,6448.0,6448.0,6448.0,6448.0,6344.0,6344.0,6240.0,6344.0,6240.0,6136.0,6240.0,6136.0,6240.0,6344.0,6344.0,6448.0,6344.0,6344.0,6448.0,6552.0,6552.0,6448.0,6448.0,6448.0,6448.0,6448.0,6552.0,6552.0,6552.0,6552.0,6448.0,6448.0,6448.0,6448.0,6344.0,6344.0,6344.0,6344.0,6344.0,6448.0,6344.0,6344.0,6344.0,6448.0,6552.0,6448.0,6448.0,6552.0,6552.0,6448.0,6448.0,6448.0,6448.0,6448.0,6344.0,6240.0,6344.0,6240.0,6240.0,6136.0,6136.0,6136.0,6032.0,5928.0,5928.0,5928.0,5512.0,5408.0,5304.0,5408.0,5304.0,5200.0,5200.0,5200.0,5096.0,5200.0,5200.0,5200.0,5304.0,5304.0,5408.0,5512.0,5616.0,5720.0,5824.0,5824.0,6032.0,6032.0,6032.0,6136.0,6136.0,6136.0,6240.0,6344.0,6448.0,6448.0,6344.0,6344.0,6552.0,6448.0,6448.0,6448.0,6448.0,6448.0,6448.0,6448.0,6552.0,6552.0,6552.0,6656.0,6656.0,6656.0,6760.0,6656.0,6656.0,6656.0,6760.0,6760.0,6760.0,6760.0,6760.0,6656.0,6656.0,6656.0,6656.0,6552.0,6656.0,6552.0,6656.0,6552.0,6552.0,6448.0,6448.0,6448.0,6448.0,6448.0,6552.0,6344.0,6344.0,6240.0,6344.0,6240.0,6240.0,6240.0,6136.0,6136.0,6032.0,6032.0,6032.0,5928.0,5408.0,5304.0,5304.0,5200.0,5200.0,5200.0,5200.0,5304.0,5304.0,5304.0,5304.0,5200.0,5200.0,5408.0,5304.0,5512.0,5408.0,5616.0,5616.0,5824.0,5928.0,5928.0,6032.0,6136.0,6240.0,6240.0,6448.0,6344.0,6344.0,6448.0,6448.0,6448.0,6344.0,6448.0,6344.0,6344.0,6448.0,6240.0,6240.0,6240.0,6136.0,6136.0,6136.0,6032.0,5928.0,5928.0,5408.0,5200.0,4992.0,5096.0,4992.0,4888.0,4784.0
1987,,,,,,,,,,,,,,,,,6136.0,6240.0,6136.0,6136.0,6136.0,6240.0,6448.0,6448.0,6448.0,6552.0,6552.0,6552.0,6552.0,6552.0,6448.0,6448.0,6344.0,6344.0,6448.0,6344.0,6448.0,6448.0,6448.0,6448.0,6552.0,6656.0,6656.0,6656.0,6656.0,6656.0,6760.0,6656.0,6656.0,6656.0,6656.0,6656.0,6760.0,6656.0,6656.0,6656.0,6656.0,6656.0,6552.0,6656.0,6656.0,6656.0,6552.0,6552.0,6552.0,6552.0,6656.0,6552.0,6656.0,6656.0,6656.0,6656.0,6656.0,6656.0,6760.0,6760.0,6656.0,6656.0,6552.0,6552.0,6656.0,6552.0,6552.0,6344.0,6448.0,6448.0,6344.0,6240.0,6344.0,6344.0,6240.0,6240.0,6136.0,6240.0,6240.0,6136.0,6032.0,6032.0,6136.0,6136.0,6032.0,6136.0,6032.0,6136.0,6136.0,6240.0,6344.0,6344.0,6344.0,6448.0,6552.0,6552.0,6552.0,6552.0,6656.0,6656.0,6552.0,6656.0,6656.0,6656.0,6656.0,6760.0,6760.0,6656.0,6656.0,6656.0,6656.0,6656.0,6656.0,6656.0,6656.0,6760.0,6656.0,6656.0,6760.0,6760.0,6760.0,6760.0,6864.0,6864.0,6864.0,6864.0,6864.0,6968.0,6864.0,6968.0,6864.0,6864.0,6864.0,6864.0,6760.0,6864.0,6864.0,6760.0,6864.0,6760.0,6760.0,6760.0,6760.0,6760.0,6656.0,6656.0,6552.0,6552.0,6552.0,6552.0,6552.0,6344.0,6448.0,6344.0,6344.0,6240.0,6344.0,6344.0,6240.0,6240.0,6240.0,6240.0,6032.0,6136.0,6136.0,6136.0,6136.0,6136.0,6032.0,6136.0,6136.0,6136.0,6136.0,6136.0,6240.0,6240.0,6344.0,6344.0,6344.0,6552.0,6448.0,6656.0,6552.0,6552.0,6656.0,6760.0,6656.0,6656.0,6656.0,6656.0,6656.0,6656.0,6760.0,6552.0,6656.0,6552.0,6656.0,6552.0,6552.0,6448.0,6344.0,6344.0,6344.0,6240.0,6240.0,6240.0,6136.0,6136.0,6032.0,5928.0,6032.0,5616.0,5200.0
1992,,,,,,,,,,,,,,,,,6136.0,6344.0,6136.0,6136.0,6240.0,6344.0,6448.0,6552.0,6448.0,6448.0,6552.0,6656.0,6656.0,6552.0,6552.0,6656.0,6552.0,6448.0,6448.0,6656.0,6656.0,6656.0,6760.0,6656.0,6864.0,6760.0,6864.0,6760.0,6760.0,6864.0,6864.0,6864.0,6968.0,6864.0,6968.0,6864.0,6864.0,6864.0,6864.0,6864.0,6864.0,6864.0,6968.0,6968.0,6864.0,6864.0,6864.0,6864.0,6864.0,6864.0,6968.0,6968.0,6968.0,6968.0,6864.0,6864.0,6864.0,6968.0,6968.0,6864.0,6864.0,6864.0,6864.0,6864.0,6760.0,6760.0,6760.0,6760.0,6760.0,6760.0,6656.0,6552.0,6656.0,6552.0,6448.0,6552.0,6448.0,6448.0,6448.0,6448.0,6552.0,6448.0,6552.0,6448.0,6448.0,6552.0,6552.0,6656.0,6656.0,6656.0,6760.0,6656.0,6760.0,6760.0,6760.0,6760.0,6864.0,6864.0,6760.0,6864.0,6968.0,6864.0,6968.0,6864.0,6968.0,6968.0,6864.0,6864.0,6968.0,6968.0,6968.0,6864.0,6968.0,6968.0,6864.0,6864.0,6864.0,6968.0,6968.0,6968.0,7072.0,7072.0,6968.0,7072.0,7072.0,7072.0,7072.0,7176.0,7176.0,7072.0,7176.0,7176.0,7072.0,7072.0,7072.0,6968.0,7072.0,7072.0,7072.0,6968.0,6968.0,7072.0,6968.0,6968.0,6968.0,6968.0,6864.0,6864.0,6760.0,6760.0,6864.0,6760.0,6760.0,6760.0,6760.0,6552.0,6552.0,6448.0,6552.0,6448.0,6448.0,6448.0,6552.0,6448.0,6552.0,6448.0,6552.0,6552.0,6552.0,6552.0,6656.0,6552.0,6656.0,6552.0,6656.0,6656.0,6656.0,6656.0,6760.0,6864.0,6864.0,6760.0,6968.0,6864.0,6968.0,6864.0,6968.0,6968.0,7072.0,7072.0,6968.0,6968.0,6864.0,6968.0,6864.0,6864.0,6864.0,6760.0,6760.0,6760.0,6760.0,6656.0,6656.0,6552.0,6552.0,6344.0,6448.0,6240.0,6344.0,6240.0,6136.0,6240.0,6136.0
1997,,,,,,,,,,,,,,,,,6136.0,6344.0,6240.0,6240.0,6136.0,6344.0,6448.0,6448.0,6448.0,6552.0,6552.0,6552.0,6656.0,6760.0,6760.0,6760.0,6656.0,6760.0,6760.0,6864.0,6864.0,6864.0,6968.0,6968.0,6968.0,6968.0,6968.0,7072.0,7072.0,7176.0,7176.0,7176.0,7072.0,7176.0,7072.0,7176.0,7176.0,7176.0,7280.0,7176.0,7280.0,7176.0,7176.0,7280.0,7280.0,7280.0,7280.0,7176.0,7280.0,7176.0,7280.0,7176.0,7280.0,7280.0,7280.0,7280.0,7280.0,7176.0,7176.0,7280.0,7280.0,7176.0,7280.0,7176.0,7280.0,7176.0,7072.0,7072.0,7072.0,7072.0,7072.0,7072.0,7072.0,6864.0,6968.0,6968.0,6968.0,6968.0,6968.0,6968.0,6968.0,6968.0,6968.0,6864.0,6968.0,6968.0,6864.0,6864.0,6968.0,7072.0,7072.0,7176.0,7176.0,7072.0,7072.0,7072.0,7176.0,7176.0,7280.0,7280.0,7280.0,7280.0,7280.0,7280.0,7176.0,7280.0,7280.0,7176.0,7280.0,7280.0,7280.0,7176.0,7280.0,7280.0,7176.0,7176.0,7176.0,7176.0,7280.0,7384.0,7280.0,7280.0,7280.0,7488.0,7488.0,7488.0,7488.0,7384.0,7488.0,7488.0,7488.0,7384.0,7488.0,7384.0,7384.0,7488.0,7384.0,7280.0,7280.0,7384.0,7280.0,7280.0,7280.0,7280.0,7280.0,7176.0,7280.0,7176.0,7176.0,7176.0,7176.0,7176.0,7072.0,7176.0,7072.0,7072.0,7072.0,6864.0,6864.0,6864.0,6864.0,6864.0,6864.0,6864.0,6968.0,6968.0,6968.0,6864.0,6864.0,6968.0,6968.0,7072.0,7072.0,6968.0,6968.0,7072.0,7072.0,7072.0,7072.0,7072.0,7072.0,7176.0,7176.0,7176.0,7176.0,7176.0,7384.0,7280.0,7280.0,7280.0,7280.0,7280.0,7280.0,7176.0,7280.0,7280.0,7176.0,7176.0,7072.0,7072.0,7072.0,7072.0,7072.0,6968.0,6968.0,6968.0,6760.0,6864.0,6864.0,6760.0,6760.0,6552.0,6448.0
ref_dl,820.0,820.0,820.0,570.0,120.0,260.0,260.0,380.0,560.0,240.0,512.0,642.0,662.0,712.0,512.0,362.0,,302.0,,,,,,,422.0,,,502.0,,472.0,,,,,782.0,,782.0,,,,722.0,,,,,,702.0,,,,,,672.0,,702.0,,,,,,,,,,,,,,812.0,812.0,782.0,,,,,,572.0,,,,,,402.0,,,,,,,,,,,0.0,-1.0,29.0,,,,,,,,,,,,,80.0,90.0,87.0,111.0,116.0,113.0,125.0,119.0,119.0,137.0,125.0,93.0,80.0,37.0,3.0,-13.0,-24.0,-24.0,-4.0,13.0,51.0,,113.0,143.0,206.0,226.0,271.0,284.0,289.0,291.0,289.0,274.0,264.0,258.0,248.0,238.0,197.0,178.0,149.0,137.0,,69.0,55.0,38.0,8.0,,,,-30.0,-34.0,,-58.0,-64.0,-87.0,-93.0,,-144.0,-144.0,,-211.0,-222.0,,,,,-364.0,-355.0,-339.0,-343.0,-332.0,-328.0,-318.0,-303.0,-273.0,-243.0,-218.0,-178.0,-128.0,-60.0,-20.0,15.0,32.0,32.0,44.0,50.0,57.0,64.0,86.0,151.0,187.0,187.0,212.0,197.0,213.0,211.0,191.0,182.0,129.0,79.0,19.0,-43.0,-50.0,-120.0,-130.0,-145.0,-170.0,-220.0,,,,,,,,,,,,,,
